method,parameters,dataset,Pair,score,weight,timestamp
LiNGAM,,SIM,1,-2.376397642571096,1.0,2025-11-21 15:30:47
LiNGAM,,SIM,2,0.0453192959689734,1.0,2025-11-21 15:30:47
LiNGAM,,SIM,3,-2.3933917930186697,1.0,2025-11-21 15:30:47
LiNGAM,,SIM,4,-0.0216205370512874,1.0,2025-11-21 15:30:47
LiNGAM,,SIM,5,78.806768700747,1.0,2025-11-21 15:30:47
LiNGAM,,SIM,6,-0.0474150475575111,1.0,2025-11-21 15:30:47
LiNGAM,,SIM,7,0.9553672356508762,1.0,2025-11-21 15:30:47
LiNGAM,,SIM,8,-649.8009096342848,1.0,2025-11-21 15:30:47
LiNGAM,,SIM,9,361.8379041134655,1.0,2025-11-21 15:30:47
LiNGAM,,SIM,10,12.376706594671854,1.0,2025-11-21 15:30:47
LiNGAM,,SIM,11,-18.342240309634832,1.0,2025-11-21 15:30:47
LiNGAM,,SIM,12,0.1582045107324748,1.0,2025-11-21 15:30:47
LiNGAM,,SIM,13,8.520369615409512,1.0,2025-11-21 15:30:47
LiNGAM,,SIM,14,5.954298868628007,1.0,2025-11-21 15:30:47
LiNGAM,,SIM,15,18.8499494049412,1.0,2025-11-21 15:30:47
LiNGAM,,SIM,16,-4.32902071262319,1.0,2025-11-21 15:30:47
LiNGAM,,SIM,17,40.46656691515565,1.0,2025-11-21 15:30:47
LiNGAM,,SIM,18,-9.679882700611588,1.0,2025-11-21 15:30:47
LiNGAM,,SIM,19,0.4126783908956189,1.0,2025-11-21 15:30:47
LiNGAM,,SIM,20,3.165690258399546,1.0,2025-11-21 15:30:47
LiNGAM,,SIM,21,0.3068869510049912,1.0,2025-11-21 15:30:47
LiNGAM,,SIM,22,8.254738586876503,1.0,2025-11-21 15:30:47
LiNGAM,,SIM,23,-0.6195696795263826,1.0,2025-11-21 15:30:47
LiNGAM,,SIM,24,0.804677422984828,1.0,2025-11-21 15:30:47
LiNGAM,,SIM,25,-1.6120194608882237,1.0,2025-11-21 15:30:47
LiNGAM,,SIM,26,-0.5789396327767053,1.0,2025-11-21 15:30:47
LiNGAM,,SIM,27,5.241732074502538,1.0,2025-11-21 15:30:47
LiNGAM,,SIM,28,0.6155394577175536,1.0,2025-11-21 15:30:47
LiNGAM,,SIM,29,-0.3329623208032106,1.0,2025-11-21 15:30:47
LiNGAM,,SIM,30,0.9004174377651011,1.0,2025-11-21 15:30:47
LiNGAM,,SIM,31,0.5411452696156067,1.0,2025-11-21 15:30:47
LiNGAM,,SIM,32,21.72276472304725,1.0,2025-11-21 15:30:47
LiNGAM,,SIM,33,4.532775110272912,1.0,2025-11-21 15:30:47
LiNGAM,,SIM,34,-1.4307678158071382,1.0,2025-11-21 15:30:47
LiNGAM,,SIM,35,-0.8517241056846678,1.0,2025-11-21 15:30:47
LiNGAM,,SIM,36,51.28732167433622,1.0,2025-11-21 15:30:47
LiNGAM,,SIM,37,16.12334121433996,1.0,2025-11-21 15:30:47
LiNGAM,,SIM,38,-0.4482722546043713,1.0,2025-11-21 15:30:47
LiNGAM,,SIM,39,1.0802138785360031,1.0,2025-11-21 15:30:47
LiNGAM,,SIM,40,101.91669243118145,1.0,2025-11-21 15:30:47
LiNGAM,,SIM,41,-0.6630925789332592,1.0,2025-11-21 15:30:47
LiNGAM,,SIM,42,3.4433712312257203,1.0,2025-11-21 15:30:47
LiNGAM,,SIM,43,3.261081560442032,1.0,2025-11-21 15:30:47
LiNGAM,,SIM,44,-0.7079157975393019,1.0,2025-11-21 15:30:47
LiNGAM,,SIM,45,1.3794557691970155,1.0,2025-11-21 15:30:47
LiNGAM,,SIM,46,0.2234718457205119,1.0,2025-11-21 15:30:47
LiNGAM,,SIM,47,11.205582705779602,1.0,2025-11-21 15:30:47
LiNGAM,,SIM,48,137.41450553820926,1.0,2025-11-21 15:30:47
LiNGAM,,SIM,49,1.2606741702847082,1.0,2025-11-21 15:30:47
LiNGAM,,SIM,50,0.2637335376887151,1.0,2025-11-21 15:30:47
LiNGAM,,SIM,51,-0.9034001394815284,1.0,2025-11-21 15:30:47
LiNGAM,,SIM,52,-14.422525624452096,1.0,2025-11-21 15:30:47
LiNGAM,,SIM,53,-0.7907844673313588,1.0,2025-11-21 15:30:47
LiNGAM,,SIM,54,1.1834712167970365,1.0,2025-11-21 15:30:47
LiNGAM,,SIM,55,51.39183185554797,1.0,2025-11-21 15:30:47
LiNGAM,,SIM,56,4.897654585895321,1.0,2025-11-21 15:30:47
LiNGAM,,SIM,57,3.084538356887504,1.0,2025-11-21 15:30:47
LiNGAM,,SIM,58,0.5394423231945495,1.0,2025-11-21 15:30:47
LiNGAM,,SIM,59,-8.12286840497948,1.0,2025-11-21 15:30:47
LiNGAM,,SIM,60,2.136093294498372,1.0,2025-11-21 15:30:48
LiNGAM,,SIM,61,-0.371884074352128,1.0,2025-11-21 15:30:48
LiNGAM,,SIM,62,-0.5679962994072391,1.0,2025-11-21 15:30:48
LiNGAM,,SIM,63,2.1891294059380124,1.0,2025-11-21 15:30:48
LiNGAM,,SIM,64,-0.0376937471526536,1.0,2025-11-21 15:30:48
LiNGAM,,SIM,65,7.419153622350409,1.0,2025-11-21 15:30:48
LiNGAM,,SIM,66,-73.73358409704139,1.0,2025-11-21 15:30:48
LiNGAM,,SIM,67,-0.1753569468707456,1.0,2025-11-21 15:30:48
LiNGAM,,SIM,68,0.4637529531428664,1.0,2025-11-21 15:30:48
LiNGAM,,SIM,69,10.530149329842502,1.0,2025-11-21 15:30:48
LiNGAM,,SIM,70,-1.1981956007416508,1.0,2025-11-21 15:30:48
LiNGAM,,SIM,71,-3020897.892493473,1.0,2025-11-21 15:30:48
LiNGAM,,SIM,72,25.81913240567843,1.0,2025-11-21 15:30:48
LiNGAM,,SIM,73,16.248019174133063,1.0,2025-11-21 15:30:48
LiNGAM,,SIM,74,-0.1372589750985002,1.0,2025-11-21 15:30:48
LiNGAM,,SIM,75,-472.17976501868,1.0,2025-11-21 15:30:48
LiNGAM,,SIM,76,0.5636965839922514,1.0,2025-11-21 15:30:48
LiNGAM,,SIM,77,0.5046691702356831,1.0,2025-11-21 15:30:48
LiNGAM,,SIM,78,-2023.9946255955729,1.0,2025-11-21 15:30:48
LiNGAM,,SIM,79,1.619509925024063,1.0,2025-11-21 15:30:48
LiNGAM,,SIM,80,-0.4395359472903782,1.0,2025-11-21 15:30:48
LiNGAM,,SIM,81,8.762401740266505,1.0,2025-11-21 15:30:48
LiNGAM,,SIM,82,4.803314514760313,1.0,2025-11-21 15:30:48
LiNGAM,,SIM,83,3.811995997611553,1.0,2025-11-21 15:30:48
LiNGAM,,SIM,84,0.6111894011746861,1.0,2025-11-21 15:30:48
LiNGAM,,SIM,85,0.8773387327473566,1.0,2025-11-21 15:30:48
LiNGAM,,SIM,86,0.6856023903201638,1.0,2025-11-21 15:30:48
LiNGAM,,SIM,87,2.4204084144977105,1.0,2025-11-21 15:30:48
LiNGAM,,SIM,88,-0.9558445723952824,1.0,2025-11-21 15:30:48
LiNGAM,,SIM,89,0.1215450849105134,1.0,2025-11-21 15:30:48
LiNGAM,,SIM,90,-1103.0571171855954,1.0,2025-11-21 15:30:48
LiNGAM,,SIM,91,0.0713761148415702,1.0,2025-11-21 15:30:48
LiNGAM,,SIM,92,-0.758094787681141,1.0,2025-11-21 15:30:48
LiNGAM,,SIM,93,-6.753196461662102,1.0,2025-11-21 15:30:48
LiNGAM,,SIM,94,-0.2643461397596908,1.0,2025-11-21 15:30:48
LiNGAM,,SIM,95,2.5198503171626223,1.0,2025-11-21 15:30:48
LiNGAM,,SIM,96,0.6838231086917955,1.0,2025-11-21 15:30:48
LiNGAM,,SIM,97,2.3967973788179933,1.0,2025-11-21 15:30:48
LiNGAM,,SIM,98,0.3516510449194215,1.0,2025-11-21 15:30:48
LiNGAM,,SIM,99,-5.845493413280524,1.0,2025-11-21 15:30:48
LiNGAM,,SIM,100,-0.3068429944500259,1.0,2025-11-21 15:30:48
LiNGAM,,SIM-c,1,-596.1613304930119,1.0,2025-11-21 15:30:48
LiNGAM,,SIM-c,2,-20.451125720023978,1.0,2025-11-21 15:30:48
LiNGAM,,SIM-c,3,8.664690318100629,1.0,2025-11-21 15:30:48
LiNGAM,,SIM-c,4,-0.1270504542439179,1.0,2025-11-21 15:30:48
LiNGAM,,SIM-c,5,5.020547856510406,1.0,2025-11-21 15:30:48
LiNGAM,,SIM-c,6,-0.0663279704413513,1.0,2025-11-21 15:30:48
LiNGAM,,SIM-c,7,-2.0158620859576684,1.0,2025-11-21 15:30:48
LiNGAM,,SIM-c,8,0.1635881534535967,1.0,2025-11-21 15:30:48
LiNGAM,,SIM-c,9,-0.6375479186647038,1.0,2025-11-21 15:30:48
LiNGAM,,SIM-c,10,-13.231519178741555,1.0,2025-11-21 15:30:48
LiNGAM,,SIM-c,11,-52.25451422104285,1.0,2025-11-21 15:30:48
LiNGAM,,SIM-c,12,0.7572355847744657,1.0,2025-11-21 15:30:48
LiNGAM,,SIM-c,13,-9.492599366368868,1.0,2025-11-21 15:30:48
LiNGAM,,SIM-c,14,-31688.112282981925,1.0,2025-11-21 15:30:48
LiNGAM,,SIM-c,15,0.2440163966984606,1.0,2025-11-21 15:30:48
LiNGAM,,SIM-c,16,0.0903330047216435,1.0,2025-11-21 15:30:48
LiNGAM,,SIM-c,17,-0.0611026067163094,1.0,2025-11-21 15:30:48
LiNGAM,,SIM-c,18,-1.5500931786334058,1.0,2025-11-21 15:30:48
LiNGAM,,SIM-c,19,0.1706615521418382,1.0,2025-11-21 15:30:48
LiNGAM,,SIM-c,20,-2.682756279515981,1.0,2025-11-21 15:30:49
LiNGAM,,SIM-c,21,-20.70659378470842,1.0,2025-11-21 15:30:49
LiNGAM,,SIM-c,22,5.076307528185076,1.0,2025-11-21 15:30:49
LiNGAM,,SIM-c,23,-107.73220963688684,1.0,2025-11-21 15:30:49
LiNGAM,,SIM-c,24,15.63671997695594,1.0,2025-11-21 15:30:49
LiNGAM,,SIM-c,25,-41.64074726423554,1.0,2025-11-21 15:30:49
LiNGAM,,SIM-c,26,0.1228992264530151,1.0,2025-11-21 15:30:49
LiNGAM,,SIM-c,27,0.0119238511480411,1.0,2025-11-21 15:30:49
LiNGAM,,SIM-c,28,-1.8496559301963424,1.0,2025-11-21 15:30:49
LiNGAM,,SIM-c,29,-5.259376992480659,1.0,2025-11-21 15:30:49
LiNGAM,,SIM-c,30,1.1035270956092451,1.0,2025-11-21 15:30:49
LiNGAM,,SIM-c,31,-1.0890647816757704,1.0,2025-11-21 15:30:49
LiNGAM,,SIM-c,32,-0.0418624087612845,1.0,2025-11-21 15:30:49
LiNGAM,,SIM-c,33,2.608040259322231,1.0,2025-11-21 15:30:49
LiNGAM,,SIM-c,34,-0.5034969855840323,1.0,2025-11-21 15:30:49
LiNGAM,,SIM-c,35,-24.08953177462544,1.0,2025-11-21 15:30:49
LiNGAM,,SIM-c,36,1.676633078859733,1.0,2025-11-21 15:30:49
LiNGAM,,SIM-c,37,-1.8869324090822055,1.0,2025-11-21 15:30:49
LiNGAM,,SIM-c,38,0.8302478477137559,1.0,2025-11-21 15:30:49
LiNGAM,,SIM-c,39,808.4436654359768,1.0,2025-11-21 15:30:49
LiNGAM,,SIM-c,40,-0.9176796681439412,1.0,2025-11-21 15:30:49
LiNGAM,,SIM-c,41,17.14186248802588,1.0,2025-11-21 15:30:49
LiNGAM,,SIM-c,42,13.579010235431904,1.0,2025-11-21 15:30:49
LiNGAM,,SIM-c,43,0.4399001109969624,1.0,2025-11-21 15:30:49
LiNGAM,,SIM-c,44,-4.110398133976206,1.0,2025-11-21 15:30:49
LiNGAM,,SIM-c,45,6.027634083056912,1.0,2025-11-21 15:30:49
LiNGAM,,SIM-c,46,-1.1483283743920452,1.0,2025-11-21 15:30:49
LiNGAM,,SIM-c,47,42.22536836508879,1.0,2025-11-21 15:30:49
LiNGAM,,SIM-c,48,-0.7182774085482184,1.0,2025-11-21 15:30:49
LiNGAM,,SIM-c,49,0.0245572238051521,1.0,2025-11-21 15:30:49
LiNGAM,,SIM-c,50,-0.2835110915705193,1.0,2025-11-21 15:30:49
LiNGAM,,SIM-c,51,1.7589072542303874,1.0,2025-11-21 15:30:49
LiNGAM,,SIM-c,52,-0.7170380697869818,1.0,2025-11-21 15:30:49
LiNGAM,,SIM-c,53,-1.9188708769983085,1.0,2025-11-21 15:30:49
LiNGAM,,SIM-c,54,-267.6158972205933,1.0,2025-11-21 15:30:49
LiNGAM,,SIM-c,55,0.0168030528239531,1.0,2025-11-21 15:30:49
LiNGAM,,SIM-c,56,-0.1556669925068946,1.0,2025-11-21 15:30:49
LiNGAM,,SIM-c,57,1231.08758412903,1.0,2025-11-21 15:30:49
LiNGAM,,SIM-c,58,0.6712075758660695,1.0,2025-11-21 15:30:49
LiNGAM,,SIM-c,59,-481.4131005655543,1.0,2025-11-21 15:30:49
LiNGAM,,SIM-c,60,-0.2273472802083319,1.0,2025-11-21 15:30:49
LiNGAM,,SIM-c,61,-0.5137698944926471,1.0,2025-11-21 15:30:49
LiNGAM,,SIM-c,62,2.5930138981295374,1.0,2025-11-21 15:30:49
LiNGAM,,SIM-c,63,15.021510782333689,1.0,2025-11-21 15:30:49
LiNGAM,,SIM-c,64,-0.4740950886585654,1.0,2025-11-21 15:30:49
LiNGAM,,SIM-c,65,38.5386315445004,1.0,2025-11-21 15:30:49
LiNGAM,,SIM-c,66,5.388222810969676,1.0,2025-11-21 15:30:49
LiNGAM,,SIM-c,67,2.2799098090791854,1.0,2025-11-21 15:30:49
LiNGAM,,SIM-c,68,-0.3878157424009897,1.0,2025-11-21 15:30:49
LiNGAM,,SIM-c,69,6.113442774322422,1.0,2025-11-21 15:30:49
LiNGAM,,SIM-c,70,2.194587945969241,1.0,2025-11-21 15:30:49
LiNGAM,,SIM-c,71,0.3186405656756219,1.0,2025-11-21 15:30:49
LiNGAM,,SIM-c,72,-276.2424227204756,1.0,2025-11-21 15:30:49
LiNGAM,,SIM-c,73,-0.0557307853960669,1.0,2025-11-21 15:30:49
LiNGAM,,SIM-c,74,0.773372534698081,1.0,2025-11-21 15:30:49
LiNGAM,,SIM-c,75,0.5870373232586078,1.0,2025-11-21 15:30:49
LiNGAM,,SIM-c,76,0.2120562208508035,1.0,2025-11-21 15:30:49
LiNGAM,,SIM-c,77,-0.1443795068649267,1.0,2025-11-21 15:30:49
LiNGAM,,SIM-c,78,0.2988317514326455,1.0,2025-11-21 15:30:49
LiNGAM,,SIM-c,79,-43.77556458532665,1.0,2025-11-21 15:30:49
LiNGAM,,SIM-c,80,-2.2598307003110523,1.0,2025-11-21 15:30:49
LiNGAM,,SIM-c,81,0.9385353063539856,1.0,2025-11-21 15:30:49
LiNGAM,,SIM-c,82,16.152880151702416,1.0,2025-11-21 15:30:50
LiNGAM,,SIM-c,83,0.3217935464483888,1.0,2025-11-21 15:30:50
LiNGAM,,SIM-c,84,416.25301444700335,1.0,2025-11-21 15:30:50
LiNGAM,,SIM-c,85,-0.1774258644424055,1.0,2025-11-21 15:30:50
LiNGAM,,SIM-c,86,-0.212707428301678,1.0,2025-11-21 15:30:50
LiNGAM,,SIM-c,87,-0.8362882479251963,1.0,2025-11-21 15:30:50
LiNGAM,,SIM-c,88,2.2980510221474453,1.0,2025-11-21 15:30:50
LiNGAM,,SIM-c,89,-0.1555258915185827,1.0,2025-11-21 15:30:50
LiNGAM,,SIM-c,90,13.3122385253791,1.0,2025-11-21 15:30:50
LiNGAM,,SIM-c,91,-0.2611046639765235,1.0,2025-11-21 15:30:50
LiNGAM,,SIM-c,92,0.1321752813306682,1.0,2025-11-21 15:30:50
LiNGAM,,SIM-c,93,0.0927491897859197,1.0,2025-11-21 15:30:50
LiNGAM,,SIM-c,94,-0.7853901873993178,1.0,2025-11-21 15:30:50
LiNGAM,,SIM-c,95,-0.0227242867473325,1.0,2025-11-21 15:30:50
LiNGAM,,SIM-c,96,-16.198550150631572,1.0,2025-11-21 15:30:50
LiNGAM,,SIM-c,97,0.4595034196263446,1.0,2025-11-21 15:30:50
LiNGAM,,SIM-c,98,-0.0567526439558554,1.0,2025-11-21 15:30:50
LiNGAM,,SIM-c,99,0.506643821542224,1.0,2025-11-21 15:30:50
LiNGAM,,SIM-c,100,170.99696439241592,1.0,2025-11-21 15:30:50
LiNGAM,,SIM-G,1,3.806379586499408,1.0,2025-11-21 15:30:50
LiNGAM,,SIM-G,2,-0.5405506965435678,1.0,2025-11-21 15:30:50
LiNGAM,,SIM-G,3,14.560367574978423,1.0,2025-11-21 15:30:50
LiNGAM,,SIM-G,4,2.0240115794575075,1.0,2025-11-21 15:30:50
LiNGAM,,SIM-G,5,-6.052780700349191,1.0,2025-11-21 15:30:50
LiNGAM,,SIM-G,6,-1.546043732546064,1.0,2025-11-21 15:30:50
LiNGAM,,SIM-G,7,0.3079290970592943,1.0,2025-11-21 15:30:50
LiNGAM,,SIM-G,8,0.8402025378092721,1.0,2025-11-21 15:30:50
LiNGAM,,SIM-G,9,-0.7118044585622295,1.0,2025-11-21 15:30:50
LiNGAM,,SIM-G,10,0.3255288325339517,1.0,2025-11-21 15:30:50
LiNGAM,,SIM-G,11,57.77618926578133,1.0,2025-11-21 15:30:50
LiNGAM,,SIM-G,12,-284.4590767510949,1.0,2025-11-21 15:30:50
LiNGAM,,SIM-G,13,4.874388254047871,1.0,2025-11-21 15:30:50
LiNGAM,,SIM-G,14,6.20953312824286,1.0,2025-11-21 15:30:50
LiNGAM,,SIM-G,15,2221.581301947316,1.0,2025-11-21 15:30:50
LiNGAM,,SIM-G,16,-7.769247174792167,1.0,2025-11-21 15:30:50
LiNGAM,,SIM-G,17,-0.7008147902801954,1.0,2025-11-21 15:30:50
LiNGAM,,SIM-G,18,-233.48237885224145,1.0,2025-11-21 15:30:50
LiNGAM,,SIM-G,19,11.990128273256053,1.0,2025-11-21 15:30:50
LiNGAM,,SIM-G,20,0.584260562556512,1.0,2025-11-21 15:30:50
LiNGAM,,SIM-G,21,0.1614661842438539,1.0,2025-11-21 15:30:50
LiNGAM,,SIM-G,22,-0.7873842599163602,1.0,2025-11-21 15:30:50
LiNGAM,,SIM-G,23,0.4237180742165934,1.0,2025-11-21 15:30:50
LiNGAM,,SIM-G,24,1.7982442607202913,1.0,2025-11-21 15:30:50
LiNGAM,,SIM-G,25,23.41035635257061,1.0,2025-11-21 15:30:50
LiNGAM,,SIM-G,26,0.7490379090495369,1.0,2025-11-21 15:30:50
LiNGAM,,SIM-G,27,-1.3086534984783809,1.0,2025-11-21 15:30:50
LiNGAM,,SIM-G,28,1.7156699783346865,1.0,2025-11-21 15:30:50
LiNGAM,,SIM-G,29,-1.082830595042913,1.0,2025-11-21 15:30:50
LiNGAM,,SIM-G,30,5.169167910095671,1.0,2025-11-21 15:30:50
LiNGAM,,SIM-G,31,0.1980648507065427,1.0,2025-11-21 15:30:50
LiNGAM,,SIM-G,32,-0.4577709016256431,1.0,2025-11-21 15:30:50
LiNGAM,,SIM-G,33,-0.7928555285610482,1.0,2025-11-21 15:30:50
LiNGAM,,SIM-G,34,-0.4462406129020935,1.0,2025-11-21 15:30:50
LiNGAM,,SIM-G,35,2.2398372117841667,1.0,2025-11-21 15:30:50
LiNGAM,,SIM-G,36,12.27387404709889,1.0,2025-11-21 15:30:50
LiNGAM,,SIM-G,37,61.81800819115861,1.0,2025-11-21 15:30:50
LiNGAM,,SIM-G,38,13.576383026661109,1.0,2025-11-21 15:30:50
LiNGAM,,SIM-G,39,0.0116134457629403,1.0,2025-11-21 15:30:51
LiNGAM,,SIM-G,40,1.300846054850386,1.0,2025-11-21 15:30:51
LiNGAM,,SIM-G,41,-0.3967053602177572,1.0,2025-11-21 15:30:51
LiNGAM,,SIM-G,42,1.7976998837780866,1.0,2025-11-21 15:30:51
LiNGAM,,SIM-G,43,9.396046339592392,1.0,2025-11-21 15:30:51
LiNGAM,,SIM-G,44,-0.1497804257058046,1.0,2025-11-21 15:30:51
LiNGAM,,SIM-G,45,4.148606747984747,1.0,2025-11-21 15:30:51
LiNGAM,,SIM-G,46,-0.6671390401384407,1.0,2025-11-21 15:30:51
LiNGAM,,SIM-G,47,1.598268217411774,1.0,2025-11-21 15:30:51
LiNGAM,,SIM-G,48,0.7360285067929451,1.0,2025-11-21 15:30:51
LiNGAM,,SIM-G,49,-194.69973223920385,1.0,2025-11-21 15:30:51
LiNGAM,,SIM-G,50,3.6188684225989056,1.0,2025-11-21 15:30:51
LiNGAM,,SIM-G,51,-0.3905822771287219,1.0,2025-11-21 15:30:51
LiNGAM,,SIM-G,52,0.286652798028172,1.0,2025-11-21 15:30:51
LiNGAM,,SIM-G,53,-1.0872569320785457,1.0,2025-11-21 15:30:51
LiNGAM,,SIM-G,54,3.87590037290783,1.0,2025-11-21 15:30:51
LiNGAM,,SIM-G,55,-1.4304344543711347,1.0,2025-11-21 15:30:51
LiNGAM,,SIM-G,56,-5.694569967905883,1.0,2025-11-21 15:30:51
LiNGAM,,SIM-G,57,263.28603099210653,1.0,2025-11-21 15:30:51
LiNGAM,,SIM-G,58,0.6835881173865345,1.0,2025-11-21 15:30:51
LiNGAM,,SIM-G,59,0.2163006897723688,1.0,2025-11-21 15:30:51
LiNGAM,,SIM-G,60,2.6413917650337235,1.0,2025-11-21 15:30:51
LiNGAM,,SIM-G,61,1027.8289588320754,1.0,2025-11-21 15:30:51
LiNGAM,,SIM-G,62,-2.0073135594361333,1.0,2025-11-21 15:30:51
LiNGAM,,SIM-G,63,2.0280739524302542,1.0,2025-11-21 15:30:51
LiNGAM,,SIM-G,64,0.8725070601037015,1.0,2025-11-21 15:30:51
LiNGAM,,SIM-G,65,0.5006713446098017,1.0,2025-11-21 15:30:51
LiNGAM,,SIM-G,66,0.4723640234852841,1.0,2025-11-21 15:30:51
LiNGAM,,SIM-G,67,18.625580756843107,1.0,2025-11-21 15:30:51
LiNGAM,,SIM-G,68,8.108678509983548,1.0,2025-11-21 15:30:51
LiNGAM,,SIM-G,69,-0.0488567525276942,1.0,2025-11-21 15:30:51
LiNGAM,,SIM-G,70,11.994738468237546,1.0,2025-11-21 15:30:51
LiNGAM,,SIM-G,71,12230.648588464914,1.0,2025-11-21 15:30:51
LiNGAM,,SIM-G,72,2.445998516979126,1.0,2025-11-21 15:30:51
LiNGAM,,SIM-G,73,1.0626917054021552,1.0,2025-11-21 15:30:51
LiNGAM,,SIM-G,74,0.2170987589885318,1.0,2025-11-21 15:30:51
LiNGAM,,SIM-G,75,-0.1326723146300172,1.0,2025-11-21 15:30:51
LiNGAM,,SIM-G,76,42.19674356588898,1.0,2025-11-21 15:30:51
LiNGAM,,SIM-G,77,-0.4169370396298268,1.0,2025-11-21 15:30:51
LiNGAM,,SIM-G,78,1.0251300450642158,1.0,2025-11-21 15:30:51
LiNGAM,,SIM-G,79,-0.626448396823059,1.0,2025-11-21 15:30:51
LiNGAM,,SIM-G,80,0.3877769723764585,1.0,2025-11-21 15:30:51
LiNGAM,,SIM-G,81,-7.49442640028144,1.0,2025-11-21 15:30:51
LiNGAM,,SIM-G,82,0.5230507296370175,1.0,2025-11-21 15:30:51
LiNGAM,,SIM-G,83,-12.2066744107465,1.0,2025-11-21 15:30:51
LiNGAM,,SIM-G,84,3.053890119175489,1.0,2025-11-21 15:30:51
LiNGAM,,SIM-G,85,0.4791557816131749,1.0,2025-11-21 15:30:51
LiNGAM,,SIM-G,86,2.2728485167277546,1.0,2025-11-21 15:30:51
LiNGAM,,SIM-G,87,6.5784272698155535,1.0,2025-11-21 15:30:51
LiNGAM,,SIM-G,88,0.3337412161892162,1.0,2025-11-21 15:30:51
LiNGAM,,SIM-G,89,28.781856488210668,1.0,2025-11-21 15:30:51
LiNGAM,,SIM-G,90,-0.4593967703372611,1.0,2025-11-21 15:30:51
LiNGAM,,SIM-G,91,0.7094966033374146,1.0,2025-11-21 15:30:51
LiNGAM,,SIM-G,92,-0.9795817232024068,1.0,2025-11-21 15:30:52
LiNGAM,,SIM-G,93,163.2465443796059,1.0,2025-11-21 15:30:52
LiNGAM,,SIM-G,94,-2.8686732460961246,1.0,2025-11-21 15:30:52
LiNGAM,,SIM-G,95,-55.2886108459688,1.0,2025-11-21 15:30:52
LiNGAM,,SIM-G,96,191.71572290195863,1.0,2025-11-21 15:30:52
LiNGAM,,SIM-G,97,-4.469170539580228,1.0,2025-11-21 15:30:52
LiNGAM,,SIM-G,98,143.3964109234183,1.0,2025-11-21 15:30:52
LiNGAM,,SIM-G,99,-0.4277516390961048,1.0,2025-11-21 15:30:52
LiNGAM,,SIM-G,100,-1.06406198596428,1.0,2025-11-21 15:30:52
LiNGAM,,SIM-ln,1,10.297860333123582,1.0,2025-11-21 15:30:52
LiNGAM,,SIM-ln,2,0.1346574997474265,1.0,2025-11-21 15:30:52
LiNGAM,,SIM-ln,3,30.92559690340998,1.0,2025-11-21 15:30:52
LiNGAM,,SIM-ln,4,0.1577946550639933,1.0,2025-11-21 15:30:52
LiNGAM,,SIM-ln,5,0.160026128820953,1.0,2025-11-21 15:30:52
LiNGAM,,SIM-ln,6,1.0019649401116402,1.0,2025-11-21 15:30:52
LiNGAM,,SIM-ln,7,0.2350652633582763,1.0,2025-11-21 15:30:52
LiNGAM,,SIM-ln,8,53.46533825679594,1.0,2025-11-21 15:30:52
LiNGAM,,SIM-ln,9,-2.2299930053080166,1.0,2025-11-21 15:30:52
LiNGAM,,SIM-ln,10,1.0502182473593478,1.0,2025-11-21 15:30:52
LiNGAM,,SIM-ln,11,0.0466511277624126,1.0,2025-11-21 15:30:52
LiNGAM,,SIM-ln,12,0.2975051328218885,1.0,2025-11-21 15:30:52
LiNGAM,,SIM-ln,13,26.19954546776742,1.0,2025-11-21 15:30:52
LiNGAM,,SIM-ln,14,0.4639357221080549,1.0,2025-11-21 15:30:52
LiNGAM,,SIM-ln,15,1.7760564529174558,1.0,2025-11-21 15:30:52
LiNGAM,,SIM-ln,16,-0.1101610006131416,1.0,2025-11-21 15:30:52
LiNGAM,,SIM-ln,17,222.02066955763,1.0,2025-11-21 15:30:52
LiNGAM,,SIM-ln,18,3.297469834252378,1.0,2025-11-21 15:30:52
LiNGAM,,SIM-ln,19,-0.6944671214381763,1.0,2025-11-21 15:30:52
LiNGAM,,SIM-ln,20,-3.23941158608021,1.0,2025-11-21 15:30:52
LiNGAM,,SIM-ln,21,1.6936476724842555,1.0,2025-11-21 15:30:52
LiNGAM,,SIM-ln,22,119.98196782276445,1.0,2025-11-21 15:30:52
LiNGAM,,SIM-ln,23,0.705526147611957,1.0,2025-11-21 15:30:52
LiNGAM,,SIM-ln,24,0.1424243670138392,1.0,2025-11-21 15:30:52
LiNGAM,,SIM-ln,25,45.7630731234805,1.0,2025-11-21 15:30:52
LiNGAM,,SIM-ln,26,-0.3717962192424708,1.0,2025-11-21 15:30:52
LiNGAM,,SIM-ln,27,830.8976248476774,1.0,2025-11-21 15:30:52
LiNGAM,,SIM-ln,28,16413.087007391165,1.0,2025-11-21 15:30:52
LiNGAM,,SIM-ln,29,0.9057303717130116,1.0,2025-11-21 15:30:52
LiNGAM,,SIM-ln,30,-1.5957890310466365,1.0,2025-11-21 15:30:52
LiNGAM,,SIM-ln,31,0.1743906624370003,1.0,2025-11-21 15:30:52
LiNGAM,,SIM-ln,32,-0.348670915026775,1.0,2025-11-21 15:30:52
LiNGAM,,SIM-ln,33,2.568122208428428,1.0,2025-11-21 15:30:52
LiNGAM,,SIM-ln,34,-0.7109883904844594,1.0,2025-11-21 15:30:52
LiNGAM,,SIM-ln,35,-0.673501260371456,1.0,2025-11-21 15:30:52
LiNGAM,,SIM-ln,36,-0.1359608536246144,1.0,2025-11-21 15:30:52
LiNGAM,,SIM-ln,37,-1.3368924087906084,1.0,2025-11-21 15:30:52
LiNGAM,,SIM-ln,38,-14.425006220884637,1.0,2025-11-21 15:30:52
LiNGAM,,SIM-ln,39,-0.0630685619685119,1.0,2025-11-21 15:30:52
LiNGAM,,SIM-ln,40,0.1164961662573562,1.0,2025-11-21 15:30:52
LiNGAM,,SIM-ln,41,-0.0691040393087329,1.0,2025-11-21 15:30:52
LiNGAM,,SIM-ln,42,-0.1000825686897592,1.0,2025-11-21 15:30:52
LiNGAM,,SIM-ln,43,0.9597283119500132,1.0,2025-11-21 15:30:52
LiNGAM,,SIM-ln,44,-2.424541622324398,1.0,2025-11-21 15:30:52
LiNGAM,,SIM-ln,45,0.1269163770350196,1.0,2025-11-21 15:30:52
LiNGAM,,SIM-ln,46,0.1603430495492721,1.0,2025-11-21 15:30:52
LiNGAM,,SIM-ln,47,6.303190245206741,1.0,2025-11-21 15:30:52
LiNGAM,,SIM-ln,48,0.4899675301884227,1.0,2025-11-21 15:30:52
LiNGAM,,SIM-ln,49,-0.1330162566916052,1.0,2025-11-21 15:30:52
LiNGAM,,SIM-ln,50,-0.0539842467700419,1.0,2025-11-21 15:30:52
LiNGAM,,SIM-ln,51,2.09517838744338,1.0,2025-11-21 15:30:52
LiNGAM,,SIM-ln,52,0.9672378598307504,1.0,2025-11-21 15:30:52
LiNGAM,,SIM-ln,53,-17.367891903650385,1.0,2025-11-21 15:30:53
LiNGAM,,SIM-ln,54,-0.7246258477739829,1.0,2025-11-21 15:30:53
LiNGAM,,SIM-ln,55,1.2636544413355115,1.0,2025-11-21 15:30:53
LiNGAM,,SIM-ln,56,-0.0400583470730362,1.0,2025-11-21 15:30:53
LiNGAM,,SIM-ln,57,-0.4292450871484983,1.0,2025-11-21 15:30:53
LiNGAM,,SIM-ln,58,1.68431896141827,1.0,2025-11-21 15:30:53
LiNGAM,,SIM-ln,59,-0.3878695080983316,1.0,2025-11-21 15:30:53
LiNGAM,,SIM-ln,60,0.341112758944354,1.0,2025-11-21 15:30:53
LiNGAM,,SIM-ln,61,-0.3315484251951783,1.0,2025-11-21 15:30:53
LiNGAM,,SIM-ln,62,7.110972825437825,1.0,2025-11-21 15:30:53
LiNGAM,,SIM-ln,63,3856255907.755224,1.0,2025-11-21 15:30:53
LiNGAM,,SIM-ln,64,0.2890796093462422,1.0,2025-11-21 15:30:53
LiNGAM,,SIM-ln,65,2.0244334366173664,1.0,2025-11-21 15:30:53
LiNGAM,,SIM-ln,66,-0.006754460974838,1.0,2025-11-21 15:30:53
LiNGAM,,SIM-ln,67,15.647141101932313,1.0,2025-11-21 15:30:53
LiNGAM,,SIM-ln,68,-0.310540242297709,1.0,2025-11-21 15:30:53
LiNGAM,,SIM-ln,69,3.979613182730045,1.0,2025-11-21 15:30:53
LiNGAM,,SIM-ln,70,-0.7167322645435675,1.0,2025-11-21 15:30:53
LiNGAM,,SIM-ln,71,-1.2528717187861502,1.0,2025-11-21 15:30:53
LiNGAM,,SIM-ln,72,-0.0985459381331438,1.0,2025-11-21 15:30:53
LiNGAM,,SIM-ln,73,5.05264869702496,1.0,2025-11-21 15:30:53
LiNGAM,,SIM-ln,74,0.3307591534153012,1.0,2025-11-21 15:30:53
LiNGAM,,SIM-ln,75,-13.862951837602315,1.0,2025-11-21 15:30:53
LiNGAM,,SIM-ln,76,0.4572008286053665,1.0,2025-11-21 15:30:53
LiNGAM,,SIM-ln,77,-0.6237822621122857,1.0,2025-11-21 15:30:53
LiNGAM,,SIM-ln,78,0.5298819853249005,1.0,2025-11-21 15:30:53
LiNGAM,,SIM-ln,79,-0.8523665740329677,1.0,2025-11-21 15:30:53
LiNGAM,,SIM-ln,80,10.246919885668405,1.0,2025-11-21 15:30:53
LiNGAM,,SIM-ln,81,0.3529353725198979,1.0,2025-11-21 15:30:53
LiNGAM,,SIM-ln,82,-0.2197930819009138,1.0,2025-11-21 15:30:53
LiNGAM,,SIM-ln,83,-0.6360059649754122,1.0,2025-11-21 15:30:53
LiNGAM,,SIM-ln,84,0.0559869248723046,1.0,2025-11-21 15:30:53
LiNGAM,,SIM-ln,85,0.9711296849714532,1.0,2025-11-21 15:30:53
LiNGAM,,SIM-ln,86,3665.42546653562,1.0,2025-11-21 15:30:53
LiNGAM,,SIM-ln,87,0.7673699610036311,1.0,2025-11-21 15:30:53
LiNGAM,,SIM-ln,88,-0.0490615759016102,1.0,2025-11-21 15:30:53
LiNGAM,,SIM-ln,89,0.6621368551526986,1.0,2025-11-21 15:30:53
LiNGAM,,SIM-ln,90,0.2914646979591444,1.0,2025-11-21 15:30:53
LiNGAM,,SIM-ln,91,-0.1691674546848515,1.0,2025-11-21 15:30:53
LiNGAM,,SIM-ln,92,-0.0306262276784896,1.0,2025-11-21 15:30:53
LiNGAM,,SIM-ln,93,-0.4929733981086602,1.0,2025-11-21 15:30:53
LiNGAM,,SIM-ln,94,0.0032935897439472,1.0,2025-11-21 15:30:53
LiNGAM,,SIM-ln,95,-0.152752716149408,1.0,2025-11-21 15:30:53
LiNGAM,,SIM-ln,96,-0.3986070684446319,1.0,2025-11-21 15:30:53
LiNGAM,,SIM-ln,97,0.0794299197029957,1.0,2025-11-21 15:30:53
LiNGAM,,SIM-ln,98,4.537661588555918,1.0,2025-11-21 15:30:53
LiNGAM,,SIM-ln,99,0.0101735789085917,1.0,2025-11-21 15:30:53
LiNGAM,,SIM-ln,100,0.1310000540819322,1.0,2025-11-21 15:30:53
IGCI,,SIM,1,-0.9050661461671973,1.0,2025-11-21 15:30:53
IGCI,,SIM,2,0.011369157729555823,1.0,2025-11-21 15:30:53
IGCI,,SIM,3,-0.6097801451346303,1.0,2025-11-21 15:30:53
IGCI,,SIM,4,-0.3674710435118663,1.0,2025-11-21 15:30:53
IGCI,,SIM,5,-0.1439387067651854,1.0,2025-11-21 15:30:53
IGCI,,SIM,6,-0.004606688997879971,1.0,2025-11-21 15:30:53
IGCI,,SIM,7,-0.14551402751538145,1.0,2025-11-21 15:30:53
IGCI,,SIM,8,-1.144638690701706,1.0,2025-11-21 15:30:53
IGCI,,SIM,9,-0.03381446912072228,1.0,2025-11-21 15:30:53
IGCI,,SIM,10,-0.1033201198498892,1.0,2025-11-21 15:30:53
IGCI,,SIM,11,0.27550521956200136,1.0,2025-11-21 15:30:53
IGCI,,SIM,12,0.04988254090681288,1.0,2025-11-21 15:30:53
IGCI,,SIM,13,1.0290987657642638,1.0,2025-11-21 15:30:53
IGCI,,SIM,14,0.1753931462440832,1.0,2025-11-21 15:30:53
IGCI,,SIM,15,0.3510478342429675,1.0,2025-11-21 15:30:53
IGCI,,SIM,16,-0.3595692328772122,1.0,2025-11-21 15:30:53
IGCI,,SIM,17,-0.6788865048278653,1.0,2025-11-21 15:30:53
IGCI,,SIM,18,-0.2603115648362717,1.0,2025-11-21 15:30:53
IGCI,,SIM,19,0.5034589365433676,1.0,2025-11-21 15:30:53
IGCI,,SIM,20,-0.566214875792392,1.0,2025-11-21 15:30:53
IGCI,,SIM,21,0.5788726097067638,1.0,2025-11-21 15:30:53
IGCI,,SIM,22,-0.35281617739499194,1.0,2025-11-21 15:30:53
IGCI,,SIM,23,0.14686767782014165,1.0,2025-11-21 15:30:53
IGCI,,SIM,24,-0.09181474636888076,1.0,2025-11-21 15:30:53
IGCI,,SIM,25,-0.009765881294661938,1.0,2025-11-21 15:30:53
IGCI,,SIM,26,0.13102988085853084,1.0,2025-11-21 15:30:53
IGCI,,SIM,27,-0.5258512037684895,1.0,2025-11-21 15:30:53
IGCI,,SIM,28,-1.2651371912631024,1.0,2025-11-21 15:30:53
IGCI,,SIM,29,-0.08784859007129242,1.0,2025-11-21 15:30:53
IGCI,,SIM,30,0.23510454746023424,1.0,2025-11-21 15:30:53
IGCI,,SIM,31,-0.2301671871417703,1.0,2025-11-21 15:30:53
IGCI,,SIM,32,-0.021681724448894713,1.0,2025-11-21 15:30:54
IGCI,,SIM,33,0.14697444273173144,1.0,2025-11-21 15:30:54
IGCI,,SIM,34,0.10768837026759392,1.0,2025-11-21 15:30:54
IGCI,,SIM,35,-0.014936705700010933,1.0,2025-11-21 15:30:54
IGCI,,SIM,36,-0.949445745732998,1.0,2025-11-21 15:30:54
IGCI,,SIM,37,0.6627079255622768,1.0,2025-11-21 15:30:54
IGCI,,SIM,38,0.3064246719670036,1.0,2025-11-21 15:30:54
IGCI,,SIM,39,0.12647613811779657,1.0,2025-11-21 15:30:54
IGCI,,SIM,40,-0.023361698229094507,1.0,2025-11-21 15:30:54
IGCI,,SIM,41,-0.4874873434401792,1.0,2025-11-21 15:30:54
IGCI,,SIM,42,-0.22526850660020248,1.0,2025-11-21 15:30:54
IGCI,,SIM,43,0.9189951179649151,1.0,2025-11-21 15:30:54
IGCI,,SIM,44,-0.021360146887687392,1.0,2025-11-21 15:30:54
IGCI,,SIM,45,0.08078585199045918,1.0,2025-11-21 15:30:54
IGCI,,SIM,46,-0.11864722666356897,1.0,2025-11-21 15:30:54
IGCI,,SIM,47,0.2747611750126566,1.0,2025-11-21 15:30:54
IGCI,,SIM,48,-0.16511992149011423,1.0,2025-11-21 15:30:54
IGCI,,SIM,49,0.4349079478832518,1.0,2025-11-21 15:30:54
IGCI,,SIM,50,0.15640857119726093,1.0,2025-11-21 15:30:54
IGCI,,SIM,51,-0.18702368994097196,1.0,2025-11-21 15:30:54
IGCI,,SIM,52,-0.28051230869441035,1.0,2025-11-21 15:30:54
IGCI,,SIM,53,0.16536500432752188,1.0,2025-11-21 15:30:54
IGCI,,SIM,54,0.2419101137219002,1.0,2025-11-21 15:30:54
IGCI,,SIM,55,-0.4005514318147334,1.0,2025-11-21 15:30:54
IGCI,,SIM,56,-0.018795662208309416,1.0,2025-11-21 15:30:54
IGCI,,SIM,57,-0.6586818139118389,1.0,2025-11-21 15:30:54
IGCI,,SIM,58,-0.572689228565987,1.0,2025-11-21 15:30:54
IGCI,,SIM,59,-0.11229943656117491,1.0,2025-11-21 15:30:54
IGCI,,SIM,60,-0.8280369516954763,1.0,2025-11-21 15:30:54
IGCI,,SIM,61,-0.18197711499659786,1.0,2025-11-21 15:30:54
IGCI,,SIM,62,0.23315845952973657,1.0,2025-11-21 15:30:54
IGCI,,SIM,63,-0.11911942347449589,1.0,2025-11-21 15:30:54
IGCI,,SIM,64,0.16963355303939576,1.0,2025-11-21 15:30:54
IGCI,,SIM,65,-0.242920207392455,1.0,2025-11-21 15:30:54
IGCI,,SIM,66,-0.16427447980202192,1.0,2025-11-21 15:30:54
IGCI,,SIM,67,0.10461764333234491,1.0,2025-11-21 15:30:54
IGCI,,SIM,68,0.060057712578633016,1.0,2025-11-21 15:30:54
IGCI,,SIM,69,0.21794065804891194,1.0,2025-11-21 15:30:54
IGCI,,SIM,70,-0.14094678243832437,1.0,2025-11-21 15:30:54
IGCI,,SIM,71,0.09592688924384074,1.0,2025-11-21 15:30:54
IGCI,,SIM,72,0.3599660001398882,1.0,2025-11-21 15:30:54
IGCI,,SIM,73,-0.3938191087928029,1.0,2025-11-21 15:30:54
IGCI,,SIM,74,-0.014438454288837832,1.0,2025-11-21 15:30:54
IGCI,,SIM,75,-0.24108555151897004,1.0,2025-11-21 15:30:54
IGCI,,SIM,76,-0.01675030867293259,1.0,2025-11-21 15:30:54
IGCI,,SIM,77,-0.08051720458025535,1.0,2025-11-21 15:30:54
IGCI,,SIM,78,-0.5839174480936561,1.0,2025-11-21 15:30:54
IGCI,,SIM,79,-0.261992512856823,1.0,2025-11-21 15:30:54
IGCI,,SIM,80,-0.291449895857653,1.0,2025-11-21 15:30:54
IGCI,,SIM,81,0.5395310105030725,1.0,2025-11-21 15:30:54
IGCI,,SIM,82,-0.031086730116015815,1.0,2025-11-21 15:30:54
IGCI,,SIM,83,0.4846673837713952,1.0,2025-11-21 15:30:54
IGCI,,SIM,84,-0.0638194032579733,1.0,2025-11-21 15:30:54
IGCI,,SIM,85,-0.10941143329833025,1.0,2025-11-21 15:30:54
IGCI,,SIM,86,-0.07646335799643023,1.0,2025-11-21 15:30:54
IGCI,,SIM,87,-0.6880285962780573,1.0,2025-11-21 15:30:54
IGCI,,SIM,88,-0.027057121756570268,1.0,2025-11-21 15:30:54
IGCI,,SIM,89,-0.05861964043038981,1.0,2025-11-21 15:30:54
IGCI,,SIM,90,0.2771089936926048,1.0,2025-11-21 15:30:54
IGCI,,SIM,91,-0.2356113456157889,1.0,2025-11-21 15:30:54
IGCI,,SIM,92,0.04263057317116825,1.0,2025-11-21 15:30:54
IGCI,,SIM,93,-0.09774296206864808,1.0,2025-11-21 15:30:54
IGCI,,SIM,94,-0.5737837675806522,1.0,2025-11-21 15:30:54
IGCI,,SIM,95,0.5406068906100927,1.0,2025-11-21 15:30:54
IGCI,,SIM,96,-0.5843935957881109,1.0,2025-11-21 15:30:54
IGCI,,SIM,97,-0.3709490580315703,1.0,2025-11-21 15:30:54
IGCI,,SIM,98,-0.5876837342557204,1.0,2025-11-21 15:30:54
IGCI,,SIM,99,0.13344624342871914,1.0,2025-11-21 15:30:54
IGCI,,SIM,100,0.0950724050817442,1.0,2025-11-21 15:30:54
IGCI,,SIM-c,1,0.2936990973603013,1.0,2025-11-21 15:30:54
IGCI,,SIM-c,2,0.1761138229744903,1.0,2025-11-21 15:30:54
IGCI,,SIM-c,3,0.45102051441659974,1.0,2025-11-21 15:30:54
IGCI,,SIM-c,4,-0.1891574793921489,1.0,2025-11-21 15:30:54
IGCI,,SIM-c,5,0.22400733053198696,1.0,2025-11-21 15:30:54
IGCI,,SIM-c,6,0.08089225642110254,1.0,2025-11-21 15:30:54
IGCI,,SIM-c,7,0.26288533072693987,1.0,2025-11-21 15:30:54
IGCI,,SIM-c,8,-0.5413803810124467,1.0,2025-11-21 15:30:54
IGCI,,SIM-c,9,-0.25906938580124894,1.0,2025-11-21 15:30:54
IGCI,,SIM-c,10,-0.011417682766325932,1.0,2025-11-21 15:30:54
IGCI,,SIM-c,11,0.5591149832944692,1.0,2025-11-21 15:30:54
IGCI,,SIM-c,12,0.07612936606795184,1.0,2025-11-21 15:30:54
IGCI,,SIM-c,13,-0.6406094119957492,1.0,2025-11-21 15:30:54
IGCI,,SIM-c,14,0.1733928073483817,1.0,2025-11-21 15:30:54
IGCI,,SIM-c,15,-0.10474729120595239,1.0,2025-11-21 15:30:54
IGCI,,SIM-c,16,-0.09390531250219958,1.0,2025-11-21 15:30:54
IGCI,,SIM-c,17,-0.182159563090611,1.0,2025-11-21 15:30:54
IGCI,,SIM-c,18,-0.04628424291432509,1.0,2025-11-21 15:30:54
IGCI,,SIM-c,19,-0.7428444138992907,1.0,2025-11-21 15:30:54
IGCI,,SIM-c,20,-0.6962562283634331,1.0,2025-11-21 15:30:54
IGCI,,SIM-c,21,-0.6697951169627051,1.0,2025-11-21 15:30:54
IGCI,,SIM-c,22,-0.01817826368692632,1.0,2025-11-21 15:30:54
IGCI,,SIM-c,23,-0.522863138996736,1.0,2025-11-21 15:30:54
IGCI,,SIM-c,24,0.02946646310588008,1.0,2025-11-21 15:30:54
IGCI,,SIM-c,25,-0.00026464860981256777,1.0,2025-11-21 15:30:54
IGCI,,SIM-c,26,-0.017186730643169668,1.0,2025-11-21 15:30:54
IGCI,,SIM-c,27,-0.20795446357230762,1.0,2025-11-21 15:30:54
IGCI,,SIM-c,28,-0.13525327398398446,1.0,2025-11-21 15:30:54
IGCI,,SIM-c,29,0.31603168090551037,1.0,2025-11-21 15:30:54
IGCI,,SIM-c,30,-0.05667627021873045,1.0,2025-11-21 15:30:54
IGCI,,SIM-c,31,0.22563365318185724,1.0,2025-11-21 15:30:54
IGCI,,SIM-c,32,0.051937984893710265,1.0,2025-11-21 15:30:54
IGCI,,SIM-c,33,0.4200324114718246,1.0,2025-11-21 15:30:54
IGCI,,SIM-c,34,-0.5641892537304187,1.0,2025-11-21 15:30:54
IGCI,,SIM-c,35,0.21460170741522155,1.0,2025-11-21 15:30:54
IGCI,,SIM-c,36,-0.1506818731112416,1.0,2025-11-21 15:30:54
IGCI,,SIM-c,37,0.09307945560282427,1.0,2025-11-21 15:30:54
IGCI,,SIM-c,38,-0.0204121663510044,1.0,2025-11-21 15:30:54
IGCI,,SIM-c,39,0.21437029428296128,1.0,2025-11-21 15:30:54
IGCI,,SIM-c,40,-0.10943115788471403,1.0,2025-11-21 15:30:54
IGCI,,SIM-c,41,-0.8377886200618195,1.0,2025-11-21 15:30:54
IGCI,,SIM-c,42,-0.13335469488835905,1.0,2025-11-21 15:30:54
IGCI,,SIM-c,43,-0.011099051740790955,1.0,2025-11-21 15:30:54
IGCI,,SIM-c,44,0.1092912487142339,1.0,2025-11-21 15:30:54
IGCI,,SIM-c,45,0.26520347960709856,1.0,2025-11-21 15:30:54
IGCI,,SIM-c,46,-0.5647063151468421,1.0,2025-11-21 15:30:54
IGCI,,SIM-c,47,-0.6918782665761541,1.0,2025-11-21 15:30:54
IGCI,,SIM-c,48,0.47082771052595795,1.0,2025-11-21 15:30:54
IGCI,,SIM-c,49,-0.294782085939322,1.0,2025-11-21 15:30:54
IGCI,,SIM-c,50,0.004416779434079032,1.0,2025-11-21 15:30:54
IGCI,,SIM-c,51,-0.4128949775749772,1.0,2025-11-21 15:30:54
IGCI,,SIM-c,52,-0.29130366682670505,1.0,2025-11-21 15:30:54
IGCI,,SIM-c,53,0.4716001224872537,1.0,2025-11-21 15:30:54
IGCI,,SIM-c,54,-0.786226095391375,1.0,2025-11-21 15:30:54
IGCI,,SIM-c,55,0.024453360478659647,1.0,2025-11-21 15:30:54
IGCI,,SIM-c,56,0.5087413062429125,1.0,2025-11-21 15:30:54
IGCI,,SIM-c,57,-0.44820090004963653,1.0,2025-11-21 15:30:54
IGCI,,SIM-c,58,0.11584811094890846,1.0,2025-11-21 15:30:54
IGCI,,SIM-c,59,0.20540658231745645,1.0,2025-11-21 15:30:54
IGCI,,SIM-c,60,-0.23489407541392016,1.0,2025-11-21 15:30:54
IGCI,,SIM-c,61,-0.42785561102782665,1.0,2025-11-21 15:30:54
IGCI,,SIM-c,62,-0.3529300127703757,1.0,2025-11-21 15:30:54
IGCI,,SIM-c,63,0.1438081052143696,1.0,2025-11-21 15:30:54
IGCI,,SIM-c,64,0.024236032051677014,1.0,2025-11-21 15:30:54
IGCI,,SIM-c,65,0.4908274044223937,1.0,2025-11-21 15:30:54
IGCI,,SIM-c,66,0.3510708165352705,1.0,2025-11-21 15:30:54
IGCI,,SIM-c,67,0.08706567960675216,1.0,2025-11-21 15:30:54
IGCI,,SIM-c,68,-0.11597754076658351,1.0,2025-11-21 15:30:54
IGCI,,SIM-c,69,-0.2232996794078339,1.0,2025-11-21 15:30:54
IGCI,,SIM-c,70,-0.33592623991234216,1.0,2025-11-21 15:30:54
IGCI,,SIM-c,71,0.014768742479750685,1.0,2025-11-21 15:30:54
IGCI,,SIM-c,72,0.16641193765117368,1.0,2025-11-21 15:30:54
IGCI,,SIM-c,73,0.00845558212620734,1.0,2025-11-21 15:30:54
IGCI,,SIM-c,74,-0.08961097472531243,1.0,2025-11-21 15:30:54
IGCI,,SIM-c,75,-0.3704865295643619,1.0,2025-11-21 15:30:54
IGCI,,SIM-c,76,0.035663601498118425,1.0,2025-11-21 15:30:54
IGCI,,SIM-c,77,-0.11041581442899862,1.0,2025-11-21 15:30:54
IGCI,,SIM-c,78,-0.23234715804803496,1.0,2025-11-21 15:30:54
IGCI,,SIM-c,79,0.6712648177143096,1.0,2025-11-21 15:30:54
IGCI,,SIM-c,80,-0.405464972229054,1.0,2025-11-21 15:30:54
IGCI,,SIM-c,81,-0.13170534005662748,1.0,2025-11-21 15:30:54
IGCI,,SIM-c,82,-0.06318948213677444,1.0,2025-11-21 15:30:54
IGCI,,SIM-c,83,0.36530990175309075,1.0,2025-11-21 15:30:54
IGCI,,SIM-c,84,0.40945729586812096,1.0,2025-11-21 15:30:54
IGCI,,SIM-c,85,0.36166039696695673,1.0,2025-11-21 15:30:54
IGCI,,SIM-c,86,0.0003355750756401932,1.0,2025-11-21 15:30:54
IGCI,,SIM-c,87,-0.16369460427626592,1.0,2025-11-21 15:30:54
IGCI,,SIM-c,88,0.5454368271395005,1.0,2025-11-21 15:30:54
IGCI,,SIM-c,89,-0.01805819828560118,1.0,2025-11-21 15:30:54
IGCI,,SIM-c,90,0.174858599472124,1.0,2025-11-21 15:30:54
IGCI,,SIM-c,91,-0.023836955475730726,1.0,2025-11-21 15:30:54
IGCI,,SIM-c,92,0.03341929664375609,1.0,2025-11-21 15:30:54
IGCI,,SIM-c,93,-0.6311446363809098,1.0,2025-11-21 15:30:54
IGCI,,SIM-c,94,-0.004593904564442752,1.0,2025-11-21 15:30:54
IGCI,,SIM-c,95,-0.19340130871032457,1.0,2025-11-21 15:30:54
IGCI,,SIM-c,96,-0.3427631448845734,1.0,2025-11-21 15:30:55
IGCI,,SIM-c,97,-0.129680312455978,1.0,2025-11-21 15:30:55
IGCI,,SIM-c,98,0.8967875064697896,1.0,2025-11-21 15:30:55
IGCI,,SIM-c,99,0.42905538074258054,1.0,2025-11-21 15:30:55
IGCI,,SIM-c,100,-0.8163093397552973,1.0,2025-11-21 15:30:55
IGCI,,SIM-G,1,-0.18918324041777712,1.0,2025-11-21 15:30:55
IGCI,,SIM-G,2,-0.02004341707041757,1.0,2025-11-21 15:30:55
IGCI,,SIM-G,3,0.020726666689741435,1.0,2025-11-21 15:30:55
IGCI,,SIM-G,4,-0.34036746250457206,1.0,2025-11-21 15:30:55
IGCI,,SIM-G,5,-0.024812406837952494,1.0,2025-11-21 15:30:55
IGCI,,SIM-G,6,-0.015169970328560822,1.0,2025-11-21 15:30:55
IGCI,,SIM-G,7,-0.2408168095022587,1.0,2025-11-21 15:30:55
IGCI,,SIM-G,8,0.4162749557230443,1.0,2025-11-21 15:30:55
IGCI,,SIM-G,9,0.007703903006488488,1.0,2025-11-21 15:30:55
IGCI,,SIM-G,10,0.10960656516094325,1.0,2025-11-21 15:30:55
IGCI,,SIM-G,11,-0.017486363032507946,1.0,2025-11-21 15:30:55
IGCI,,SIM-G,12,0.02521053189489919,1.0,2025-11-21 15:30:55
IGCI,,SIM-G,13,0.6761346219599461,1.0,2025-11-21 15:30:55
IGCI,,SIM-G,14,0.2598340232058023,1.0,2025-11-21 15:30:55
IGCI,,SIM-G,15,0.14367914605740761,1.0,2025-11-21 15:30:55
IGCI,,SIM-G,16,-0.2496535624844256,1.0,2025-11-21 15:30:55
IGCI,,SIM-G,17,-0.477058964868438,1.0,2025-11-21 15:30:55
IGCI,,SIM-G,18,0.1009103216801428,1.0,2025-11-21 15:30:55
IGCI,,SIM-G,19,0.047968115314800386,1.0,2025-11-21 15:30:55
IGCI,,SIM-G,20,-0.02923576219002655,1.0,2025-11-21 15:30:55
IGCI,,SIM-G,21,0.18322539502043966,1.0,2025-11-21 15:30:55
IGCI,,SIM-G,22,0.749623729083389,1.0,2025-11-21 15:30:55
IGCI,,SIM-G,23,0.22102966845523486,1.0,2025-11-21 15:30:55
IGCI,,SIM-G,24,-0.08399534305524359,1.0,2025-11-21 15:30:55
IGCI,,SIM-G,25,0.07751453288530641,1.0,2025-11-21 15:30:55
IGCI,,SIM-G,26,-0.01351361408427909,1.0,2025-11-21 15:30:55
IGCI,,SIM-G,27,-0.2780189361892038,1.0,2025-11-21 15:30:55
IGCI,,SIM-G,28,-0.06666559403550387,1.0,2025-11-21 15:30:55
IGCI,,SIM-G,29,-0.04363393011901007,1.0,2025-11-21 15:30:55
IGCI,,SIM-G,30,0.10088048963099361,1.0,2025-11-21 15:30:55
IGCI,,SIM-G,31,0.21720571038722714,1.0,2025-11-21 15:30:55
IGCI,,SIM-G,32,-0.17226902807253008,1.0,2025-11-21 15:30:55
IGCI,,SIM-G,33,-0.14253794983215684,1.0,2025-11-21 15:30:55
IGCI,,SIM-G,34,0.0654885985412621,1.0,2025-11-21 15:30:55
IGCI,,SIM-G,35,-0.09794615439595944,1.0,2025-11-21 15:30:55
IGCI,,SIM-G,36,0.18132119543972447,1.0,2025-11-21 15:30:55
IGCI,,SIM-G,37,0.2855051769463399,1.0,2025-11-21 15:30:55
IGCI,,SIM-G,38,0.37078773545916643,1.0,2025-11-21 15:30:55
IGCI,,SIM-G,39,-0.036914501983052794,1.0,2025-11-21 15:30:55
IGCI,,SIM-G,40,-0.06901553490883838,1.0,2025-11-21 15:30:55
IGCI,,SIM-G,41,-0.03762076318616181,1.0,2025-11-21 15:30:55
IGCI,,SIM-G,42,-0.08652646505257788,1.0,2025-11-21 15:30:55
IGCI,,SIM-G,43,0.762804730766737,1.0,2025-11-21 15:30:55
IGCI,,SIM-G,44,-0.17117109164511568,1.0,2025-11-21 15:30:55
IGCI,,SIM-G,45,-0.2515176975729583,1.0,2025-11-21 15:30:55
IGCI,,SIM-G,46,0.22385552155923527,1.0,2025-11-21 15:30:55
IGCI,,SIM-G,47,0.04118311194181423,1.0,2025-11-21 15:30:55
IGCI,,SIM-G,48,-0.06835710748492208,1.0,2025-11-21 15:30:55
IGCI,,SIM-G,49,0.07258424191268897,1.0,2025-11-21 15:30:55
IGCI,,SIM-G,50,0.444787915921272,1.0,2025-11-21 15:30:55
IGCI,,SIM-G,51,0.3831015430927104,1.0,2025-11-21 15:30:55
IGCI,,SIM-G,52,0.04176721168671538,1.0,2025-11-21 15:30:55
IGCI,,SIM-G,53,0.23668595848419471,1.0,2025-11-21 15:30:55
IGCI,,SIM-G,54,0.07165852275212892,1.0,2025-11-21 15:30:55
IGCI,,SIM-G,55,0.4584472331820253,1.0,2025-11-21 15:30:55
IGCI,,SIM-G,56,0.14467522507085206,1.0,2025-11-21 15:30:55
IGCI,,SIM-G,57,0.09410461089395383,1.0,2025-11-21 15:30:55
IGCI,,SIM-G,58,-0.3902522793425698,1.0,2025-11-21 15:30:55
IGCI,,SIM-G,59,0.06002594787816484,1.0,2025-11-21 15:30:55
IGCI,,SIM-G,60,-0.24532411242629326,1.0,2025-11-21 15:30:55
IGCI,,SIM-G,61,0.09495417142805973,1.0,2025-11-21 15:30:55
IGCI,,SIM-G,62,0.1963177820130788,1.0,2025-11-21 15:30:55
IGCI,,SIM-G,63,-0.19578759990645178,1.0,2025-11-21 15:30:55
IGCI,,SIM-G,64,-0.0514839678887693,1.0,2025-11-21 15:30:55
IGCI,,SIM-G,65,-0.33444638223004297,1.0,2025-11-21 15:30:55
IGCI,,SIM-G,66,-0.16252797707914723,1.0,2025-11-21 15:30:55
IGCI,,SIM-G,67,0.6344666512782898,1.0,2025-11-21 15:30:55
IGCI,,SIM-G,68,-0.14528886345709147,1.0,2025-11-21 15:30:55
IGCI,,SIM-G,69,0.35223704217780494,1.0,2025-11-21 15:30:55
IGCI,,SIM-G,70,0.03817636299228777,1.0,2025-11-21 15:30:55
IGCI,,SIM-G,71,0.09697876022151153,1.0,2025-11-21 15:30:55
IGCI,,SIM-G,72,-0.0364622267677408,1.0,2025-11-21 15:30:55
IGCI,,SIM-G,73,-0.2163590998478515,1.0,2025-11-21 15:30:55
IGCI,,SIM-G,74,-0.020963199866335103,1.0,2025-11-21 15:30:55
IGCI,,SIM-G,75,-0.2795988444258404,1.0,2025-11-21 15:30:55
IGCI,,SIM-G,76,0.44219775326605326,1.0,2025-11-21 15:30:55
IGCI,,SIM-G,77,0.13348586486319558,1.0,2025-11-21 15:30:55
IGCI,,SIM-G,78,0.038676335220676705,1.0,2025-11-21 15:30:55
IGCI,,SIM-G,79,0.27732051496026777,1.0,2025-11-21 15:30:55
IGCI,,SIM-G,80,0.331745457965976,1.0,2025-11-21 15:30:55
IGCI,,SIM-G,81,0.5756889531589248,1.0,2025-11-21 15:30:55
IGCI,,SIM-G,82,0.12765911144627218,1.0,2025-11-21 15:30:55
IGCI,,SIM-G,83,0.07889672619358024,1.0,2025-11-21 15:30:55
IGCI,,SIM-G,84,-0.3714062055018008,1.0,2025-11-21 15:30:55
IGCI,,SIM-G,85,-0.23347478361536655,1.0,2025-11-21 15:30:55
IGCI,,SIM-G,86,-0.3525738349059857,1.0,2025-11-21 15:30:55
IGCI,,SIM-G,87,-0.30591630625950383,1.0,2025-11-21 15:30:55
IGCI,,SIM-G,88,-0.06483726106796794,1.0,2025-11-21 15:30:55
IGCI,,SIM-G,89,0.36772922109539863,1.0,2025-11-21 15:30:55
IGCI,,SIM-G,90,0.10006582187539159,1.0,2025-11-21 15:30:55
IGCI,,SIM-G,91,-0.047990075199991544,1.0,2025-11-21 15:30:55
IGCI,,SIM-G,92,0.030314643337611358,1.0,2025-11-21 15:30:55
IGCI,,SIM-G,93,-0.03137828177469171,1.0,2025-11-21 15:30:55
IGCI,,SIM-G,94,-0.05004099256807226,1.0,2025-11-21 15:30:55
IGCI,,SIM-G,95,0.14594905908516775,1.0,2025-11-21 15:30:55
IGCI,,SIM-G,96,0.1182077783340949,1.0,2025-11-21 15:30:55
IGCI,,SIM-G,97,0.007473356701809486,1.0,2025-11-21 15:30:55
IGCI,,SIM-G,98,-0.058465746081151515,1.0,2025-11-21 15:30:55
IGCI,,SIM-G,99,-0.10374235200774962,1.0,2025-11-21 15:30:55
IGCI,,SIM-G,100,-0.12849262324259403,1.0,2025-11-21 15:30:55
IGCI,,SIM-ln,1,-1.1616355551665585,1.0,2025-11-21 15:30:55
IGCI,,SIM-ln,2,0.003072642498513467,1.0,2025-11-21 15:30:55
IGCI,,SIM-ln,3,-0.7657403570710226,1.0,2025-11-21 15:30:55
IGCI,,SIM-ln,4,-0.6675355534108666,1.0,2025-11-21 15:30:55
IGCI,,SIM-ln,5,0.04048666558450087,1.0,2025-11-21 15:30:55
IGCI,,SIM-ln,6,0.496962391333172,1.0,2025-11-21 15:30:55
IGCI,,SIM-ln,7,-0.1287027127871232,1.0,2025-11-21 15:30:55
IGCI,,SIM-ln,8,-0.6675928909417959,1.0,2025-11-21 15:30:55
IGCI,,SIM-ln,9,0.12801470284309602,1.0,2025-11-21 15:30:55
IGCI,,SIM-ln,10,-0.3483960911821562,1.0,2025-11-21 15:30:55
IGCI,,SIM-ln,11,-0.0637305406090034,1.0,2025-11-21 15:30:55
IGCI,,SIM-ln,12,-0.08836114816246621,1.0,2025-11-21 15:30:55
IGCI,,SIM-ln,13,2.6611787650408463,1.0,2025-11-21 15:30:55
IGCI,,SIM-ln,14,0.2952011592836197,1.0,2025-11-21 15:30:55
IGCI,,SIM-ln,15,0.18705039201092255,1.0,2025-11-21 15:30:55
IGCI,,SIM-ln,16,-0.051656795765811836,1.0,2025-11-21 15:30:55
IGCI,,SIM-ln,17,-0.8655340855067487,1.0,2025-11-21 15:30:55
IGCI,,SIM-ln,18,-0.7102024122866127,1.0,2025-11-21 15:30:55
IGCI,,SIM-ln,19,-0.582503849416601,1.0,2025-11-21 15:30:55
IGCI,,SIM-ln,20,-0.5759222436799566,1.0,2025-11-21 15:30:55
IGCI,,SIM-ln,21,0.8731457246602226,1.0,2025-11-21 15:30:55
IGCI,,SIM-ln,22,-0.40963038457603496,1.0,2025-11-21 15:30:55
IGCI,,SIM-ln,23,-0.062064611583794616,1.0,2025-11-21 15:30:55
IGCI,,SIM-ln,24,0.03899770161853766,1.0,2025-11-21 15:30:55
IGCI,,SIM-ln,25,0.024148539110850464,1.0,2025-11-21 15:30:55
IGCI,,SIM-ln,26,0.3174755792848707,1.0,2025-11-21 15:30:55
IGCI,,SIM-ln,27,-0.6305668829020706,1.0,2025-11-21 15:30:55
IGCI,,SIM-ln,28,-1.3405024463841801,1.0,2025-11-21 15:30:55
IGCI,,SIM-ln,29,-0.05884561488957729,1.0,2025-11-21 15:30:55
IGCI,,SIM-ln,30,0.6557141782778891,1.0,2025-11-21 15:30:55
IGCI,,SIM-ln,31,-0.2996611429079721,1.0,2025-11-21 15:30:55
IGCI,,SIM-ln,32,0.13283233956634355,1.0,2025-11-21 15:30:55
IGCI,,SIM-ln,33,0.21983785301855452,1.0,2025-11-21 15:30:55
IGCI,,SIM-ln,34,0.13138941809251037,1.0,2025-11-21 15:30:55
IGCI,,SIM-ln,35,0.018695225099037316,1.0,2025-11-21 15:30:55
IGCI,,SIM-ln,36,0.0626991379058559,1.0,2025-11-21 15:30:55
IGCI,,SIM-ln,37,1.290579974996339,1.0,2025-11-21 15:30:55
IGCI,,SIM-ln,38,0.2567460743535728,1.0,2025-11-21 15:30:55
IGCI,,SIM-ln,39,0.022951786293070597,1.0,2025-11-21 15:30:55
IGCI,,SIM-ln,40,0.021725278104473666,1.0,2025-11-21 15:30:55
IGCI,,SIM-ln,41,-0.2144076366333536,1.0,2025-11-21 15:30:55
IGCI,,SIM-ln,42,-0.18763172422758967,1.0,2025-11-21 15:30:55
IGCI,,SIM-ln,43,0.220476917401765,1.0,2025-11-21 15:30:55
IGCI,,SIM-ln,44,0.5450391003928702,1.0,2025-11-21 15:30:55
IGCI,,SIM-ln,45,0.1748415726352306,1.0,2025-11-21 15:30:55
IGCI,,SIM-ln,46,0.17609460026759127,1.0,2025-11-21 15:30:55
IGCI,,SIM-ln,47,0.25367393068716115,1.0,2025-11-21 15:30:55
IGCI,,SIM-ln,48,-0.5440401528904522,1.0,2025-11-21 15:30:55
IGCI,,SIM-ln,49,-0.01017993492768099,1.0,2025-11-21 15:30:56
IGCI,,SIM-ln,50,0.4251645119679175,1.0,2025-11-21 15:30:56
IGCI,,SIM-ln,51,0.12603632562026945,1.0,2025-11-21 15:30:56
IGCI,,SIM-ln,52,-0.12258166692046579,1.0,2025-11-21 15:30:56
IGCI,,SIM-ln,53,0.46328174772210406,1.0,2025-11-21 15:30:56
IGCI,,SIM-ln,54,0.3140891475180281,1.0,2025-11-21 15:30:56
IGCI,,SIM-ln,55,1.105470822441104,1.0,2025-11-21 15:30:56
IGCI,,SIM-ln,56,0.2281998214748615,1.0,2025-11-21 15:30:56
IGCI,,SIM-ln,57,-0.8503499012472685,1.0,2025-11-21 15:30:56
IGCI,,SIM-ln,58,-0.23825254665692708,1.0,2025-11-21 15:30:56
IGCI,,SIM-ln,59,-0.035831192426330816,1.0,2025-11-21 15:30:56
IGCI,,SIM-ln,60,-0.09787940030504672,1.0,2025-11-21 15:30:56
IGCI,,SIM-ln,61,0.15955955825435097,1.0,2025-11-21 15:30:56
IGCI,,SIM-ln,62,0.6203870879416904,1.0,2025-11-21 15:30:56
IGCI,,SIM-ln,63,1.1500990095053991,1.0,2025-11-21 15:30:56
IGCI,,SIM-ln,64,-0.054125062959675674,1.0,2025-11-21 15:30:56
IGCI,,SIM-ln,65,-0.7731930718710808,1.0,2025-11-21 15:30:56
IGCI,,SIM-ln,66,0.08450914192530945,1.0,2025-11-21 15:30:56
IGCI,,SIM-ln,67,0.6808062322821701,1.0,2025-11-21 15:30:56
IGCI,,SIM-ln,68,-0.12936972698093108,1.0,2025-11-21 15:30:56
IGCI,,SIM-ln,69,0.528789386658767,1.0,2025-11-21 15:30:56
IGCI,,SIM-ln,70,-0.042619295699779514,1.0,2025-11-21 15:30:56
IGCI,,SIM-ln,71,0.5290556630447583,1.0,2025-11-21 15:30:56
IGCI,,SIM-ln,72,-0.24835846631063607,1.0,2025-11-21 15:30:56
IGCI,,SIM-ln,73,-0.43735597727038567,1.0,2025-11-21 15:30:56
IGCI,,SIM-ln,74,-0.40714770821695023,1.0,2025-11-21 15:30:56
IGCI,,SIM-ln,75,-0.17746317325335248,1.0,2025-11-21 15:30:56
IGCI,,SIM-ln,76,0.09397394908435253,1.0,2025-11-21 15:30:56
IGCI,,SIM-ln,77,-0.012528277576957514,1.0,2025-11-21 15:30:56
IGCI,,SIM-ln,78,-0.3915466059963979,1.0,2025-11-21 15:30:56
IGCI,,SIM-ln,79,0.5757176840735331,1.0,2025-11-21 15:30:56
IGCI,,SIM-ln,80,-0.38901512309085007,1.0,2025-11-21 15:30:56
IGCI,,SIM-ln,81,-0.11580222494654802,1.0,2025-11-21 15:30:56
IGCI,,SIM-ln,82,0.5171310698128676,1.0,2025-11-21 15:30:56
IGCI,,SIM-ln,83,0.473451143455094,1.0,2025-11-21 15:30:56
IGCI,,SIM-ln,84,-0.13005764200986825,1.0,2025-11-21 15:30:56
IGCI,,SIM-ln,85,0.019196559441580163,1.0,2025-11-21 15:30:56
IGCI,,SIM-ln,86,0.14260238434462735,1.0,2025-11-21 15:30:56
IGCI,,SIM-ln,87,-0.20489539871692664,1.0,2025-11-21 15:30:56
IGCI,,SIM-ln,88,0.0628645462522428,1.0,2025-11-21 15:30:56
IGCI,,SIM-ln,89,-0.18482943956137277,1.0,2025-11-21 15:30:56
IGCI,,SIM-ln,90,0.018276101406350165,1.0,2025-11-21 15:30:56
IGCI,,SIM-ln,91,-0.17122164023419195,1.0,2025-11-21 15:30:56
IGCI,,SIM-ln,92,-0.019132070203871088,1.0,2025-11-21 15:30:56
IGCI,,SIM-ln,93,-0.011610460226695984,1.0,2025-11-21 15:30:56
IGCI,,SIM-ln,94,0.006442200355920136,1.0,2025-11-21 15:30:56
IGCI,,SIM-ln,95,0.13063188852042806,1.0,2025-11-21 15:30:56
IGCI,,SIM-ln,96,0.7443194271364444,1.0,2025-11-21 15:30:56
IGCI,,SIM-ln,97,-0.02527308699468378,1.0,2025-11-21 15:30:56
IGCI,,SIM-ln,98,-0.8632702440039949,1.0,2025-11-21 15:30:56
IGCI,,SIM-ln,99,0.2958702940042208,1.0,2025-11-21 15:30:56
IGCI,,SIM-ln,100,-0.0784668912390174,1.0,2025-11-21 15:30:56
