method,parameters,dataset,Pair,score,weight,timestamp
LiNGAM,,SIM,1,-2.376397642571096,1.0,2025-11-21 15:30:47
LiNGAM,,SIM,2,0.0453192959689734,1.0,2025-11-21 15:30:47
LiNGAM,,SIM,3,-2.3933917930186697,1.0,2025-11-21 15:30:47
LiNGAM,,SIM,4,-0.0216205370512874,1.0,2025-11-21 15:30:47
LiNGAM,,SIM,5,78.806768700747,1.0,2025-11-21 15:30:47
LiNGAM,,SIM,6,-0.0474150475575111,1.0,2025-11-21 15:30:47
LiNGAM,,SIM,7,0.9553672356508762,1.0,2025-11-21 15:30:47
LiNGAM,,SIM,8,-649.8009096342848,1.0,2025-11-21 15:30:47
LiNGAM,,SIM,9,361.8379041134655,1.0,2025-11-21 15:30:47
LiNGAM,,SIM,10,12.376706594671854,1.0,2025-11-21 15:30:47
LiNGAM,,SIM,11,-18.342240309634832,1.0,2025-11-21 15:30:47
LiNGAM,,SIM,12,0.1582045107324748,1.0,2025-11-21 15:30:47
LiNGAM,,SIM,13,8.520369615409512,1.0,2025-11-21 15:30:47
LiNGAM,,SIM,14,5.954298868628007,1.0,2025-11-21 15:30:47
LiNGAM,,SIM,15,18.8499494049412,1.0,2025-11-21 15:30:47
LiNGAM,,SIM,16,-4.32902071262319,1.0,2025-11-21 15:30:47
LiNGAM,,SIM,17,40.46656691515565,1.0,2025-11-21 15:30:47
LiNGAM,,SIM,18,-9.679882700611588,1.0,2025-11-21 15:30:47
LiNGAM,,SIM,19,0.4126783908956189,1.0,2025-11-21 15:30:47
LiNGAM,,SIM,20,3.165690258399546,1.0,2025-11-21 15:30:47
LiNGAM,,SIM,21,0.3068869510049912,1.0,2025-11-21 15:30:47
LiNGAM,,SIM,22,8.254738586876503,1.0,2025-11-21 15:30:47
LiNGAM,,SIM,23,-0.6195696795263826,1.0,2025-11-21 15:30:47
LiNGAM,,SIM,24,0.804677422984828,1.0,2025-11-21 15:30:47
LiNGAM,,SIM,25,-1.6120194608882237,1.0,2025-11-21 15:30:47
LiNGAM,,SIM,26,-0.5789396327767053,1.0,2025-11-21 15:30:47
LiNGAM,,SIM,27,5.241732074502538,1.0,2025-11-21 15:30:47
LiNGAM,,SIM,28,0.6155394577175536,1.0,2025-11-21 15:30:47
LiNGAM,,SIM,29,-0.3329623208032106,1.0,2025-11-21 15:30:47
LiNGAM,,SIM,30,0.9004174377651011,1.0,2025-11-21 15:30:47
LiNGAM,,SIM,31,0.5411452696156067,1.0,2025-11-21 15:30:47
LiNGAM,,SIM,32,21.72276472304725,1.0,2025-11-21 15:30:47
LiNGAM,,SIM,33,4.532775110272912,1.0,2025-11-21 15:30:47
LiNGAM,,SIM,34,-1.4307678158071382,1.0,2025-11-21 15:30:47
LiNGAM,,SIM,35,-0.8517241056846678,1.0,2025-11-21 15:30:47
LiNGAM,,SIM,36,51.28732167433622,1.0,2025-11-21 15:30:47
LiNGAM,,SIM,37,16.12334121433996,1.0,2025-11-21 15:30:47
LiNGAM,,SIM,38,-0.4482722546043713,1.0,2025-11-21 15:30:47
LiNGAM,,SIM,39,1.0802138785360031,1.0,2025-11-21 15:30:47
LiNGAM,,SIM,40,101.91669243118145,1.0,2025-11-21 15:30:47
LiNGAM,,SIM,41,-0.6630925789332592,1.0,2025-11-21 15:30:47
LiNGAM,,SIM,42,3.4433712312257203,1.0,2025-11-21 15:30:47
LiNGAM,,SIM,43,3.261081560442032,1.0,2025-11-21 15:30:47
LiNGAM,,SIM,44,-0.7079157975393019,1.0,2025-11-21 15:30:47
LiNGAM,,SIM,45,1.3794557691970155,1.0,2025-11-21 15:30:47
LiNGAM,,SIM,46,0.2234718457205119,1.0,2025-11-21 15:30:47
LiNGAM,,SIM,47,11.205582705779602,1.0,2025-11-21 15:30:47
LiNGAM,,SIM,48,137.41450553820926,1.0,2025-11-21 15:30:47
LiNGAM,,SIM,49,1.2606741702847082,1.0,2025-11-21 15:30:47
LiNGAM,,SIM,50,0.2637335376887151,1.0,2025-11-21 15:30:47
LiNGAM,,SIM,51,-0.9034001394815284,1.0,2025-11-21 15:30:47
LiNGAM,,SIM,52,-14.422525624452096,1.0,2025-11-21 15:30:47
LiNGAM,,SIM,53,-0.7907844673313588,1.0,2025-11-21 15:30:47
LiNGAM,,SIM,54,1.1834712167970365,1.0,2025-11-21 15:30:47
LiNGAM,,SIM,55,51.39183185554797,1.0,2025-11-21 15:30:47
LiNGAM,,SIM,56,4.897654585895321,1.0,2025-11-21 15:30:47
LiNGAM,,SIM,57,3.084538356887504,1.0,2025-11-21 15:30:47
LiNGAM,,SIM,58,0.5394423231945495,1.0,2025-11-21 15:30:47
LiNGAM,,SIM,59,-8.12286840497948,1.0,2025-11-21 15:30:47
LiNGAM,,SIM,60,2.136093294498372,1.0,2025-11-21 15:30:48
LiNGAM,,SIM,61,-0.371884074352128,1.0,2025-11-21 15:30:48
LiNGAM,,SIM,62,-0.5679962994072391,1.0,2025-11-21 15:30:48
LiNGAM,,SIM,63,2.1891294059380124,1.0,2025-11-21 15:30:48
LiNGAM,,SIM,64,-0.0376937471526536,1.0,2025-11-21 15:30:48
LiNGAM,,SIM,65,7.419153622350409,1.0,2025-11-21 15:30:48
LiNGAM,,SIM,66,-73.73358409704139,1.0,2025-11-21 15:30:48
LiNGAM,,SIM,67,-0.1753569468707456,1.0,2025-11-21 15:30:48
LiNGAM,,SIM,68,0.4637529531428664,1.0,2025-11-21 15:30:48
LiNGAM,,SIM,69,10.530149329842502,1.0,2025-11-21 15:30:48
LiNGAM,,SIM,70,-1.1981956007416508,1.0,2025-11-21 15:30:48
LiNGAM,,SIM,71,-3020897.892493473,1.0,2025-11-21 15:30:48
LiNGAM,,SIM,72,25.81913240567843,1.0,2025-11-21 15:30:48
LiNGAM,,SIM,73,16.248019174133063,1.0,2025-11-21 15:30:48
LiNGAM,,SIM,74,-0.1372589750985002,1.0,2025-11-21 15:30:48
LiNGAM,,SIM,75,-472.17976501868,1.0,2025-11-21 15:30:48
LiNGAM,,SIM,76,0.5636965839922514,1.0,2025-11-21 15:30:48
LiNGAM,,SIM,77,0.5046691702356831,1.0,2025-11-21 15:30:48
LiNGAM,,SIM,78,-2023.9946255955729,1.0,2025-11-21 15:30:48
LiNGAM,,SIM,79,1.619509925024063,1.0,2025-11-21 15:30:48
LiNGAM,,SIM,80,-0.4395359472903782,1.0,2025-11-21 15:30:48
LiNGAM,,SIM,81,8.762401740266505,1.0,2025-11-21 15:30:48
LiNGAM,,SIM,82,4.803314514760313,1.0,2025-11-21 15:30:48
LiNGAM,,SIM,83,3.811995997611553,1.0,2025-11-21 15:30:48
LiNGAM,,SIM,84,0.6111894011746861,1.0,2025-11-21 15:30:48
LiNGAM,,SIM,85,0.8773387327473566,1.0,2025-11-21 15:30:48
LiNGAM,,SIM,86,0.6856023903201638,1.0,2025-11-21 15:30:48
LiNGAM,,SIM,87,2.4204084144977105,1.0,2025-11-21 15:30:48
LiNGAM,,SIM,88,-0.9558445723952824,1.0,2025-11-21 15:30:48
LiNGAM,,SIM,89,0.1215450849105134,1.0,2025-11-21 15:30:48
LiNGAM,,SIM,90,-1103.0571171855954,1.0,2025-11-21 15:30:48
LiNGAM,,SIM,91,0.0713761148415702,1.0,2025-11-21 15:30:48
LiNGAM,,SIM,92,-0.758094787681141,1.0,2025-11-21 15:30:48
LiNGAM,,SIM,93,-6.753196461662102,1.0,2025-11-21 15:30:48
LiNGAM,,SIM,94,-0.2643461397596908,1.0,2025-11-21 15:30:48
LiNGAM,,SIM,95,2.5198503171626223,1.0,2025-11-21 15:30:48
LiNGAM,,SIM,96,0.6838231086917955,1.0,2025-11-21 15:30:48
LiNGAM,,SIM,97,2.3967973788179933,1.0,2025-11-21 15:30:48
LiNGAM,,SIM,98,0.3516510449194215,1.0,2025-11-21 15:30:48
LiNGAM,,SIM,99,-5.845493413280524,1.0,2025-11-21 15:30:48
LiNGAM,,SIM,100,-0.3068429944500259,1.0,2025-11-21 15:30:48
LiNGAM,,SIM-c,1,-596.1613304930119,1.0,2025-11-21 15:30:48
LiNGAM,,SIM-c,2,-20.451125720023978,1.0,2025-11-21 15:30:48
LiNGAM,,SIM-c,3,8.664690318100629,1.0,2025-11-21 15:30:48
LiNGAM,,SIM-c,4,-0.1270504542439179,1.0,2025-11-21 15:30:48
LiNGAM,,SIM-c,5,5.020547856510406,1.0,2025-11-21 15:30:48
LiNGAM,,SIM-c,6,-0.0663279704413513,1.0,2025-11-21 15:30:48
LiNGAM,,SIM-c,7,-2.0158620859576684,1.0,2025-11-21 15:30:48
LiNGAM,,SIM-c,8,0.1635881534535967,1.0,2025-11-21 15:30:48
LiNGAM,,SIM-c,9,-0.6375479186647038,1.0,2025-11-21 15:30:48
LiNGAM,,SIM-c,10,-13.231519178741555,1.0,2025-11-21 15:30:48
LiNGAM,,SIM-c,11,-52.25451422104285,1.0,2025-11-21 15:30:48
LiNGAM,,SIM-c,12,0.7572355847744657,1.0,2025-11-21 15:30:48
LiNGAM,,SIM-c,13,-9.492599366368868,1.0,2025-11-21 15:30:48
LiNGAM,,SIM-c,14,-31688.112282981925,1.0,2025-11-21 15:30:48
LiNGAM,,SIM-c,15,0.2440163966984606,1.0,2025-11-21 15:30:48
LiNGAM,,SIM-c,16,0.0903330047216435,1.0,2025-11-21 15:30:48
LiNGAM,,SIM-c,17,-0.0611026067163094,1.0,2025-11-21 15:30:48
LiNGAM,,SIM-c,18,-1.5500931786334058,1.0,2025-11-21 15:30:48
LiNGAM,,SIM-c,19,0.1706615521418382,1.0,2025-11-21 15:30:48
LiNGAM,,SIM-c,20,-2.682756279515981,1.0,2025-11-21 15:30:49
LiNGAM,,SIM-c,21,-20.70659378470842,1.0,2025-11-21 15:30:49
LiNGAM,,SIM-c,22,5.076307528185076,1.0,2025-11-21 15:30:49
LiNGAM,,SIM-c,23,-107.73220963688684,1.0,2025-11-21 15:30:49
LiNGAM,,SIM-c,24,15.63671997695594,1.0,2025-11-21 15:30:49
LiNGAM,,SIM-c,25,-41.64074726423554,1.0,2025-11-21 15:30:49
LiNGAM,,SIM-c,26,0.1228992264530151,1.0,2025-11-21 15:30:49
LiNGAM,,SIM-c,27,0.0119238511480411,1.0,2025-11-21 15:30:49
LiNGAM,,SIM-c,28,-1.8496559301963424,1.0,2025-11-21 15:30:49
LiNGAM,,SIM-c,29,-5.259376992480659,1.0,2025-11-21 15:30:49
LiNGAM,,SIM-c,30,1.1035270956092451,1.0,2025-11-21 15:30:49
LiNGAM,,SIM-c,31,-1.0890647816757704,1.0,2025-11-21 15:30:49
LiNGAM,,SIM-c,32,-0.0418624087612845,1.0,2025-11-21 15:30:49
LiNGAM,,SIM-c,33,2.608040259322231,1.0,2025-11-21 15:30:49
LiNGAM,,SIM-c,34,-0.5034969855840323,1.0,2025-11-21 15:30:49
LiNGAM,,SIM-c,35,-24.08953177462544,1.0,2025-11-21 15:30:49
LiNGAM,,SIM-c,36,1.676633078859733,1.0,2025-11-21 15:30:49
LiNGAM,,SIM-c,37,-1.8869324090822053,1.0,2025-11-21 15:30:49
LiNGAM,,SIM-c,38,0.8302478477137559,1.0,2025-11-21 15:30:49
LiNGAM,,SIM-c,39,808.4436654359768,1.0,2025-11-21 15:30:49
LiNGAM,,SIM-c,40,-0.9176796681439412,1.0,2025-11-21 15:30:49
LiNGAM,,SIM-c,41,17.14186248802588,1.0,2025-11-21 15:30:49
LiNGAM,,SIM-c,42,13.579010235431904,1.0,2025-11-21 15:30:49
LiNGAM,,SIM-c,43,0.4399001109969624,1.0,2025-11-21 15:30:49
LiNGAM,,SIM-c,44,-4.110398133976206,1.0,2025-11-21 15:30:49
LiNGAM,,SIM-c,45,6.027634083056912,1.0,2025-11-21 15:30:49
LiNGAM,,SIM-c,46,-1.1483283743920452,1.0,2025-11-21 15:30:49
LiNGAM,,SIM-c,47,42.22536836508879,1.0,2025-11-21 15:30:49
LiNGAM,,SIM-c,48,-0.7182774085482184,1.0,2025-11-21 15:30:49
LiNGAM,,SIM-c,49,0.0245572238051521,1.0,2025-11-21 15:30:49
LiNGAM,,SIM-c,50,-0.2835110915705193,1.0,2025-11-21 15:30:49
LiNGAM,,SIM-c,51,1.7589072542303874,1.0,2025-11-21 15:30:49
LiNGAM,,SIM-c,52,-0.7170380697869818,1.0,2025-11-21 15:30:49
LiNGAM,,SIM-c,53,-1.9188708769983085,1.0,2025-11-21 15:30:49
LiNGAM,,SIM-c,54,-267.6158972205933,1.0,2025-11-21 15:30:49
LiNGAM,,SIM-c,55,0.0168030528239531,1.0,2025-11-21 15:30:49
LiNGAM,,SIM-c,56,-0.1556669925068946,1.0,2025-11-21 15:30:49
LiNGAM,,SIM-c,57,1231.08758412903,1.0,2025-11-21 15:30:49
LiNGAM,,SIM-c,58,0.6712075758660695,1.0,2025-11-21 15:30:49
LiNGAM,,SIM-c,59,-481.4131005655543,1.0,2025-11-21 15:30:49
LiNGAM,,SIM-c,60,-0.2273472802083319,1.0,2025-11-21 15:30:49
LiNGAM,,SIM-c,61,-0.5137698944926471,1.0,2025-11-21 15:30:49
LiNGAM,,SIM-c,62,2.5930138981295374,1.0,2025-11-21 15:30:49
LiNGAM,,SIM-c,63,15.021510782333689,1.0,2025-11-21 15:30:49
LiNGAM,,SIM-c,64,-0.4740950886585654,1.0,2025-11-21 15:30:49
LiNGAM,,SIM-c,65,38.5386315445004,1.0,2025-11-21 15:30:49
LiNGAM,,SIM-c,66,5.388222810969676,1.0,2025-11-21 15:30:49
LiNGAM,,SIM-c,67,2.2799098090791854,1.0,2025-11-21 15:30:49
LiNGAM,,SIM-c,68,-0.3878157424009897,1.0,2025-11-21 15:30:49
LiNGAM,,SIM-c,69,6.113442774322422,1.0,2025-11-21 15:30:49
LiNGAM,,SIM-c,70,2.194587945969241,1.0,2025-11-21 15:30:49
LiNGAM,,SIM-c,71,0.3186405656756219,1.0,2025-11-21 15:30:49
LiNGAM,,SIM-c,72,-276.2424227204756,1.0,2025-11-21 15:30:49
LiNGAM,,SIM-c,73,-0.0557307853960669,1.0,2025-11-21 15:30:49
LiNGAM,,SIM-c,74,0.773372534698081,1.0,2025-11-21 15:30:49
LiNGAM,,SIM-c,75,0.5870373232586078,1.0,2025-11-21 15:30:49
LiNGAM,,SIM-c,76,0.2120562208508035,1.0,2025-11-21 15:30:49
LiNGAM,,SIM-c,77,-0.1443795068649267,1.0,2025-11-21 15:30:49
LiNGAM,,SIM-c,78,0.2988317514326455,1.0,2025-11-21 15:30:49
LiNGAM,,SIM-c,79,-43.77556458532665,1.0,2025-11-21 15:30:49
LiNGAM,,SIM-c,80,-2.2598307003110523,1.0,2025-11-21 15:30:49
LiNGAM,,SIM-c,81,0.9385353063539856,1.0,2025-11-21 15:30:49
LiNGAM,,SIM-c,82,16.152880151702416,1.0,2025-11-21 15:30:50
LiNGAM,,SIM-c,83,0.3217935464483888,1.0,2025-11-21 15:30:50
LiNGAM,,SIM-c,84,416.25301444700335,1.0,2025-11-21 15:30:50
LiNGAM,,SIM-c,85,-0.1774258644424055,1.0,2025-11-21 15:30:50
LiNGAM,,SIM-c,86,-0.212707428301678,1.0,2025-11-21 15:30:50
LiNGAM,,SIM-c,87,-0.8362882479251963,1.0,2025-11-21 15:30:50
LiNGAM,,SIM-c,88,2.2980510221474453,1.0,2025-11-21 15:30:50
LiNGAM,,SIM-c,89,-0.1555258915185827,1.0,2025-11-21 15:30:50
LiNGAM,,SIM-c,90,13.3122385253791,1.0,2025-11-21 15:30:50
LiNGAM,,SIM-c,91,-0.2611046639765235,1.0,2025-11-21 15:30:50
LiNGAM,,SIM-c,92,0.1321752813306682,1.0,2025-11-21 15:30:50
LiNGAM,,SIM-c,93,0.0927491897859197,1.0,2025-11-21 15:30:50
LiNGAM,,SIM-c,94,-0.7853901873993178,1.0,2025-11-21 15:30:50
LiNGAM,,SIM-c,95,-0.0227242867473325,1.0,2025-11-21 15:30:50
LiNGAM,,SIM-c,96,-16.198550150631572,1.0,2025-11-21 15:30:50
LiNGAM,,SIM-c,97,0.4595034196263446,1.0,2025-11-21 15:30:50
LiNGAM,,SIM-c,98,-0.0567526439558554,1.0,2025-11-21 15:30:50
LiNGAM,,SIM-c,99,0.506643821542224,1.0,2025-11-21 15:30:50
LiNGAM,,SIM-c,100,170.99696439241592,1.0,2025-11-21 15:30:50
LiNGAM,,SIM-G,1,3.806379586499408,1.0,2025-11-21 15:30:50
LiNGAM,,SIM-G,2,-0.5405506965435678,1.0,2025-11-21 15:30:50
LiNGAM,,SIM-G,3,14.560367574978423,1.0,2025-11-21 15:30:50
LiNGAM,,SIM-G,4,2.0240115794575075,1.0,2025-11-21 15:30:50
LiNGAM,,SIM-G,5,-6.052780700349191,1.0,2025-11-21 15:30:50
LiNGAM,,SIM-G,6,-1.546043732546064,1.0,2025-11-21 15:30:50
LiNGAM,,SIM-G,7,0.3079290970592943,1.0,2025-11-21 15:30:50
LiNGAM,,SIM-G,8,0.8402025378092721,1.0,2025-11-21 15:30:50
LiNGAM,,SIM-G,9,-0.7118044585622295,1.0,2025-11-21 15:30:50
LiNGAM,,SIM-G,10,0.3255288325339517,1.0,2025-11-21 15:30:50
LiNGAM,,SIM-G,11,57.77618926578133,1.0,2025-11-21 15:30:50
LiNGAM,,SIM-G,12,-284.4590767510949,1.0,2025-11-21 15:30:50
LiNGAM,,SIM-G,13,4.874388254047871,1.0,2025-11-21 15:30:50
LiNGAM,,SIM-G,14,6.20953312824286,1.0,2025-11-21 15:30:50
LiNGAM,,SIM-G,15,2221.581301947316,1.0,2025-11-21 15:30:50
LiNGAM,,SIM-G,16,-7.769247174792167,1.0,2025-11-21 15:30:50
LiNGAM,,SIM-G,17,-0.7008147902801954,1.0,2025-11-21 15:30:50
LiNGAM,,SIM-G,18,-233.48237885224145,1.0,2025-11-21 15:30:50
LiNGAM,,SIM-G,19,11.990128273256053,1.0,2025-11-21 15:30:50
LiNGAM,,SIM-G,20,0.584260562556512,1.0,2025-11-21 15:30:50
LiNGAM,,SIM-G,21,0.1614661842438539,1.0,2025-11-21 15:30:50
LiNGAM,,SIM-G,22,-0.7873842599163602,1.0,2025-11-21 15:30:50
LiNGAM,,SIM-G,23,0.4237180742165934,1.0,2025-11-21 15:30:50
LiNGAM,,SIM-G,24,1.7982442607202913,1.0,2025-11-21 15:30:50
LiNGAM,,SIM-G,25,23.41035635257061,1.0,2025-11-21 15:30:50
LiNGAM,,SIM-G,26,0.7490379090495369,1.0,2025-11-21 15:30:50
LiNGAM,,SIM-G,27,-1.3086534984783809,1.0,2025-11-21 15:30:50
LiNGAM,,SIM-G,28,1.7156699783346865,1.0,2025-11-21 15:30:50
LiNGAM,,SIM-G,29,-1.082830595042913,1.0,2025-11-21 15:30:50
LiNGAM,,SIM-G,30,5.169167910095671,1.0,2025-11-21 15:30:50
LiNGAM,,SIM-G,31,0.1980648507065427,1.0,2025-11-21 15:30:50
LiNGAM,,SIM-G,32,-0.4577709016256431,1.0,2025-11-21 15:30:50
LiNGAM,,SIM-G,33,-0.7928555285610482,1.0,2025-11-21 15:30:50
LiNGAM,,SIM-G,34,-0.4462406129020935,1.0,2025-11-21 15:30:50
LiNGAM,,SIM-G,35,2.2398372117841667,1.0,2025-11-21 15:30:50
LiNGAM,,SIM-G,36,12.27387404709889,1.0,2025-11-21 15:30:50
LiNGAM,,SIM-G,37,61.81800819115861,1.0,2025-11-21 15:30:50
LiNGAM,,SIM-G,38,13.576383026661109,1.0,2025-11-21 15:30:50
LiNGAM,,SIM-G,39,0.0116134457629403,1.0,2025-11-21 15:30:51
LiNGAM,,SIM-G,40,1.300846054850386,1.0,2025-11-21 15:30:51
LiNGAM,,SIM-G,41,-0.3967053602177572,1.0,2025-11-21 15:30:51
LiNGAM,,SIM-G,42,1.7976998837780866,1.0,2025-11-21 15:30:51
LiNGAM,,SIM-G,43,9.396046339592392,1.0,2025-11-21 15:30:51
LiNGAM,,SIM-G,44,-0.1497804257058046,1.0,2025-11-21 15:30:51
LiNGAM,,SIM-G,45,4.148606747984747,1.0,2025-11-21 15:30:51
LiNGAM,,SIM-G,46,-0.6671390401384407,1.0,2025-11-21 15:30:51
LiNGAM,,SIM-G,47,1.598268217411774,1.0,2025-11-21 15:30:51
LiNGAM,,SIM-G,48,0.7360285067929451,1.0,2025-11-21 15:30:51
LiNGAM,,SIM-G,49,-194.69973223920385,1.0,2025-11-21 15:30:51
LiNGAM,,SIM-G,50,3.6188684225989056,1.0,2025-11-21 15:30:51
LiNGAM,,SIM-G,51,-0.3905822771287219,1.0,2025-11-21 15:30:51
LiNGAM,,SIM-G,52,0.286652798028172,1.0,2025-11-21 15:30:51
LiNGAM,,SIM-G,53,-1.0872569320785457,1.0,2025-11-21 15:30:51
LiNGAM,,SIM-G,54,3.87590037290783,1.0,2025-11-21 15:30:51
LiNGAM,,SIM-G,55,-1.4304344543711347,1.0,2025-11-21 15:30:51
LiNGAM,,SIM-G,56,-5.694569967905883,1.0,2025-11-21 15:30:51
LiNGAM,,SIM-G,57,263.28603099210653,1.0,2025-11-21 15:30:51
LiNGAM,,SIM-G,58,0.6835881173865345,1.0,2025-11-21 15:30:51
LiNGAM,,SIM-G,59,0.2163006897723688,1.0,2025-11-21 15:30:51
LiNGAM,,SIM-G,60,2.6413917650337235,1.0,2025-11-21 15:30:51
LiNGAM,,SIM-G,61,1027.8289588320754,1.0,2025-11-21 15:30:51
LiNGAM,,SIM-G,62,-2.0073135594361333,1.0,2025-11-21 15:30:51
LiNGAM,,SIM-G,63,2.0280739524302542,1.0,2025-11-21 15:30:51
LiNGAM,,SIM-G,64,0.8725070601037015,1.0,2025-11-21 15:30:51
LiNGAM,,SIM-G,65,0.5006713446098017,1.0,2025-11-21 15:30:51
LiNGAM,,SIM-G,66,0.4723640234852841,1.0,2025-11-21 15:30:51
LiNGAM,,SIM-G,67,18.625580756843107,1.0,2025-11-21 15:30:51
LiNGAM,,SIM-G,68,8.108678509983548,1.0,2025-11-21 15:30:51
LiNGAM,,SIM-G,69,-0.0488567525276942,1.0,2025-11-21 15:30:51
LiNGAM,,SIM-G,70,11.994738468237546,1.0,2025-11-21 15:30:51
LiNGAM,,SIM-G,71,12230.648588464914,1.0,2025-11-21 15:30:51
LiNGAM,,SIM-G,72,2.445998516979126,1.0,2025-11-21 15:30:51
LiNGAM,,SIM-G,73,1.0626917054021552,1.0,2025-11-21 15:30:51
LiNGAM,,SIM-G,74,0.2170987589885318,1.0,2025-11-21 15:30:51
LiNGAM,,SIM-G,75,-0.1326723146300172,1.0,2025-11-21 15:30:51
LiNGAM,,SIM-G,76,42.19674356588898,1.0,2025-11-21 15:30:51
LiNGAM,,SIM-G,77,-0.4169370396298268,1.0,2025-11-21 15:30:51
LiNGAM,,SIM-G,78,1.0251300450642158,1.0,2025-11-21 15:30:51
LiNGAM,,SIM-G,79,-0.626448396823059,1.0,2025-11-21 15:30:51
LiNGAM,,SIM-G,80,0.3877769723764585,1.0,2025-11-21 15:30:51
LiNGAM,,SIM-G,81,-7.49442640028144,1.0,2025-11-21 15:30:51
LiNGAM,,SIM-G,82,0.5230507296370175,1.0,2025-11-21 15:30:51
LiNGAM,,SIM-G,83,-12.2066744107465,1.0,2025-11-21 15:30:51
LiNGAM,,SIM-G,84,3.053890119175489,1.0,2025-11-21 15:30:51
LiNGAM,,SIM-G,85,0.4791557816131749,1.0,2025-11-21 15:30:51
LiNGAM,,SIM-G,86,2.2728485167277546,1.0,2025-11-21 15:30:51
LiNGAM,,SIM-G,87,6.5784272698155535,1.0,2025-11-21 15:30:51
LiNGAM,,SIM-G,88,0.3337412161892162,1.0,2025-11-21 15:30:51
LiNGAM,,SIM-G,89,28.781856488210668,1.0,2025-11-21 15:30:51
LiNGAM,,SIM-G,90,-0.4593967703372611,1.0,2025-11-21 15:30:51
LiNGAM,,SIM-G,91,0.7094966033374146,1.0,2025-11-21 15:30:51
LiNGAM,,SIM-G,92,-0.9795817232024068,1.0,2025-11-21 15:30:52
LiNGAM,,SIM-G,93,163.2465443796059,1.0,2025-11-21 15:30:52
LiNGAM,,SIM-G,94,-2.8686732460961246,1.0,2025-11-21 15:30:52
LiNGAM,,SIM-G,95,-55.2886108459688,1.0,2025-11-21 15:30:52
LiNGAM,,SIM-G,96,191.71572290195863,1.0,2025-11-21 15:30:52
LiNGAM,,SIM-G,97,-4.469170539580228,1.0,2025-11-21 15:30:52
LiNGAM,,SIM-G,98,143.3964109234183,1.0,2025-11-21 15:30:52
LiNGAM,,SIM-G,99,-0.4277516390961048,1.0,2025-11-21 15:30:52
LiNGAM,,SIM-G,100,-1.06406198596428,1.0,2025-11-21 15:30:52
LiNGAM,,SIM-ln,1,10.297860333123582,1.0,2025-11-21 15:30:52
LiNGAM,,SIM-ln,2,0.1346574997474265,1.0,2025-11-21 15:30:52
LiNGAM,,SIM-ln,3,30.92559690340998,1.0,2025-11-21 15:30:52
LiNGAM,,SIM-ln,4,0.1577946550639933,1.0,2025-11-21 15:30:52
LiNGAM,,SIM-ln,5,0.160026128820953,1.0,2025-11-21 15:30:52
LiNGAM,,SIM-ln,6,1.0019649401116402,1.0,2025-11-21 15:30:52
LiNGAM,,SIM-ln,7,0.2350652633582763,1.0,2025-11-21 15:30:52
LiNGAM,,SIM-ln,8,53.46533825679594,1.0,2025-11-21 15:30:52
LiNGAM,,SIM-ln,9,-2.2299930053080166,1.0,2025-11-21 15:30:52
LiNGAM,,SIM-ln,10,1.0502182473593478,1.0,2025-11-21 15:30:52
LiNGAM,,SIM-ln,11,0.0466511277624126,1.0,2025-11-21 15:30:52
LiNGAM,,SIM-ln,12,0.2975051328218885,1.0,2025-11-21 15:30:52
LiNGAM,,SIM-ln,13,26.19954546776742,1.0,2025-11-21 15:30:52
LiNGAM,,SIM-ln,14,0.4639357221080549,1.0,2025-11-21 15:30:52
LiNGAM,,SIM-ln,15,1.7760564529174558,1.0,2025-11-21 15:30:52
LiNGAM,,SIM-ln,16,-0.1101610006131416,1.0,2025-11-21 15:30:52
LiNGAM,,SIM-ln,17,222.02066955763,1.0,2025-11-21 15:30:52
LiNGAM,,SIM-ln,18,3.297469834252378,1.0,2025-11-21 15:30:52
LiNGAM,,SIM-ln,19,-0.6944671214381763,1.0,2025-11-21 15:30:52
LiNGAM,,SIM-ln,20,-3.23941158608021,1.0,2025-11-21 15:30:52
LiNGAM,,SIM-ln,21,1.6936476724842555,1.0,2025-11-21 15:30:52
LiNGAM,,SIM-ln,22,119.98196782276445,1.0,2025-11-21 15:30:52
LiNGAM,,SIM-ln,23,0.705526147611957,1.0,2025-11-21 15:30:52
LiNGAM,,SIM-ln,24,0.1424243670138392,1.0,2025-11-21 15:30:52
LiNGAM,,SIM-ln,25,45.7630731234805,1.0,2025-11-21 15:30:52
LiNGAM,,SIM-ln,26,-0.3717962192424708,1.0,2025-11-21 15:30:52
LiNGAM,,SIM-ln,27,830.8976248476774,1.0,2025-11-21 15:30:52
LiNGAM,,SIM-ln,28,16413.087007391165,1.0,2025-11-21 15:30:52
LiNGAM,,SIM-ln,29,0.9057303717130116,1.0,2025-11-21 15:30:52
LiNGAM,,SIM-ln,30,-1.5957890310466365,1.0,2025-11-21 15:30:52
LiNGAM,,SIM-ln,31,0.1743906624370003,1.0,2025-11-21 15:30:52
LiNGAM,,SIM-ln,32,-0.348670915026775,1.0,2025-11-21 15:30:52
LiNGAM,,SIM-ln,33,2.568122208428428,1.0,2025-11-21 15:30:52
LiNGAM,,SIM-ln,34,-0.7109883904844594,1.0,2025-11-21 15:30:52
LiNGAM,,SIM-ln,35,-0.673501260371456,1.0,2025-11-21 15:30:52
LiNGAM,,SIM-ln,36,-0.1359608536246144,1.0,2025-11-21 15:30:52
LiNGAM,,SIM-ln,37,-1.3368924087906084,1.0,2025-11-21 15:30:52
LiNGAM,,SIM-ln,38,-14.425006220884637,1.0,2025-11-21 15:30:52
LiNGAM,,SIM-ln,39,-0.0630685619685119,1.0,2025-11-21 15:30:52
LiNGAM,,SIM-ln,40,0.1164961662573562,1.0,2025-11-21 15:30:52
LiNGAM,,SIM-ln,41,-0.0691040393087329,1.0,2025-11-21 15:30:52
LiNGAM,,SIM-ln,42,-0.1000825686897592,1.0,2025-11-21 15:30:52
LiNGAM,,SIM-ln,43,0.9597283119500132,1.0,2025-11-21 15:30:52
LiNGAM,,SIM-ln,44,-2.424541622324398,1.0,2025-11-21 15:30:52
LiNGAM,,SIM-ln,45,0.1269163770350196,1.0,2025-11-21 15:30:52
LiNGAM,,SIM-ln,46,0.1603430495492721,1.0,2025-11-21 15:30:52
LiNGAM,,SIM-ln,47,6.303190245206741,1.0,2025-11-21 15:30:52
LiNGAM,,SIM-ln,48,0.4899675301884227,1.0,2025-11-21 15:30:52
LiNGAM,,SIM-ln,49,-0.1330162566916052,1.0,2025-11-21 15:30:52
LiNGAM,,SIM-ln,50,-0.0539842467700419,1.0,2025-11-21 15:30:52
LiNGAM,,SIM-ln,51,2.09517838744338,1.0,2025-11-21 15:30:52
LiNGAM,,SIM-ln,52,0.9672378598307504,1.0,2025-11-21 15:30:52
LiNGAM,,SIM-ln,53,-17.367891903650385,1.0,2025-11-21 15:30:53
LiNGAM,,SIM-ln,54,-0.7246258477739829,1.0,2025-11-21 15:30:53
LiNGAM,,SIM-ln,55,1.2636544413355115,1.0,2025-11-21 15:30:53
LiNGAM,,SIM-ln,56,-0.0400583470730362,1.0,2025-11-21 15:30:53
LiNGAM,,SIM-ln,57,-0.4292450871484983,1.0,2025-11-21 15:30:53
LiNGAM,,SIM-ln,58,1.68431896141827,1.0,2025-11-21 15:30:53
LiNGAM,,SIM-ln,59,-0.3878695080983316,1.0,2025-11-21 15:30:53
LiNGAM,,SIM-ln,60,0.341112758944354,1.0,2025-11-21 15:30:53
LiNGAM,,SIM-ln,61,-0.3315484251951783,1.0,2025-11-21 15:30:53
LiNGAM,,SIM-ln,62,7.110972825437825,1.0,2025-11-21 15:30:53
LiNGAM,,SIM-ln,63,3856255907.755224,1.0,2025-11-21 15:30:53
LiNGAM,,SIM-ln,64,0.2890796093462422,1.0,2025-11-21 15:30:53
LiNGAM,,SIM-ln,65,2.0244334366173664,1.0,2025-11-21 15:30:53
LiNGAM,,SIM-ln,66,-0.006754460974838,1.0,2025-11-21 15:30:53
LiNGAM,,SIM-ln,67,15.647141101932313,1.0,2025-11-21 15:30:53
LiNGAM,,SIM-ln,68,-0.310540242297709,1.0,2025-11-21 15:30:53
LiNGAM,,SIM-ln,69,3.979613182730045,1.0,2025-11-21 15:30:53
LiNGAM,,SIM-ln,70,-0.7167322645435675,1.0,2025-11-21 15:30:53
LiNGAM,,SIM-ln,71,-1.2528717187861502,1.0,2025-11-21 15:30:53
LiNGAM,,SIM-ln,72,-0.0985459381331438,1.0,2025-11-21 15:30:53
LiNGAM,,SIM-ln,73,5.05264869702496,1.0,2025-11-21 15:30:53
LiNGAM,,SIM-ln,74,0.3307591534153012,1.0,2025-11-21 15:30:53
LiNGAM,,SIM-ln,75,-13.862951837602315,1.0,2025-11-21 15:30:53
LiNGAM,,SIM-ln,76,0.4572008286053665,1.0,2025-11-21 15:30:53
LiNGAM,,SIM-ln,77,-0.6237822621122857,1.0,2025-11-21 15:30:53
LiNGAM,,SIM-ln,78,0.5298819853249005,1.0,2025-11-21 15:30:53
LiNGAM,,SIM-ln,79,-0.8523665740329677,1.0,2025-11-21 15:30:53
LiNGAM,,SIM-ln,80,10.246919885668405,1.0,2025-11-21 15:30:53
LiNGAM,,SIM-ln,81,0.3529353725198979,1.0,2025-11-21 15:30:53
LiNGAM,,SIM-ln,82,-0.2197930819009138,1.0,2025-11-21 15:30:53
LiNGAM,,SIM-ln,83,-0.6360059649754122,1.0,2025-11-21 15:30:53
LiNGAM,,SIM-ln,84,0.0559869248723046,1.0,2025-11-21 15:30:53
LiNGAM,,SIM-ln,85,0.9711296849714532,1.0,2025-11-21 15:30:53
LiNGAM,,SIM-ln,86,3665.42546653562,1.0,2025-11-21 15:30:53
LiNGAM,,SIM-ln,87,0.7673699610036311,1.0,2025-11-21 15:30:53
LiNGAM,,SIM-ln,88,-0.0490615759016102,1.0,2025-11-21 15:30:53
LiNGAM,,SIM-ln,89,0.6621368551526986,1.0,2025-11-21 15:30:53
LiNGAM,,SIM-ln,90,0.2914646979591444,1.0,2025-11-21 15:30:53
LiNGAM,,SIM-ln,91,-0.1691674546848515,1.0,2025-11-21 15:30:53
LiNGAM,,SIM-ln,92,-0.0306262276784896,1.0,2025-11-21 15:30:53
LiNGAM,,SIM-ln,93,-0.4929733981086602,1.0,2025-11-21 15:30:53
LiNGAM,,SIM-ln,94,0.0032935897439472,1.0,2025-11-21 15:30:53
LiNGAM,,SIM-ln,95,-0.152752716149408,1.0,2025-11-21 15:30:53
LiNGAM,,SIM-ln,96,-0.3986070684446319,1.0,2025-11-21 15:30:53
LiNGAM,,SIM-ln,97,0.0794299197029957,1.0,2025-11-21 15:30:53
LiNGAM,,SIM-ln,98,4.537661588555918,1.0,2025-11-21 15:30:53
LiNGAM,,SIM-ln,99,0.0101735789085917,1.0,2025-11-21 15:30:53
LiNGAM,,SIM-ln,100,0.1310000540819322,1.0,2025-11-21 15:30:53
IGCI,,SIM,1,-0.9050661461671972,1.0,2025-11-21 15:30:53
IGCI,,SIM,2,0.0113691577295558,1.0,2025-11-21 15:30:53
IGCI,,SIM,3,-0.6097801451346303,1.0,2025-11-21 15:30:53
IGCI,,SIM,4,-0.3674710435118663,1.0,2025-11-21 15:30:53
IGCI,,SIM,5,-0.1439387067651854,1.0,2025-11-21 15:30:53
IGCI,,SIM,6,-0.0046066889978799,1.0,2025-11-21 15:30:53
IGCI,,SIM,7,-0.1455140275153814,1.0,2025-11-21 15:30:53
IGCI,,SIM,8,-1.144638690701706,1.0,2025-11-21 15:30:53
IGCI,,SIM,9,-0.0338144691207222,1.0,2025-11-21 15:30:53
IGCI,,SIM,10,-0.1033201198498892,1.0,2025-11-21 15:30:53
IGCI,,SIM,11,0.2755052195620013,1.0,2025-11-21 15:30:53
IGCI,,SIM,12,0.0498825409068128,1.0,2025-11-21 15:30:53
IGCI,,SIM,13,1.0290987657642638,1.0,2025-11-21 15:30:53
IGCI,,SIM,14,0.1753931462440832,1.0,2025-11-21 15:30:53
IGCI,,SIM,15,0.3510478342429675,1.0,2025-11-21 15:30:53
IGCI,,SIM,16,-0.3595692328772122,1.0,2025-11-21 15:30:53
IGCI,,SIM,17,-0.6788865048278653,1.0,2025-11-21 15:30:53
IGCI,,SIM,18,-0.2603115648362717,1.0,2025-11-21 15:30:53
IGCI,,SIM,19,0.5034589365433676,1.0,2025-11-21 15:30:53
IGCI,,SIM,20,-0.566214875792392,1.0,2025-11-21 15:30:53
IGCI,,SIM,21,0.5788726097067638,1.0,2025-11-21 15:30:53
IGCI,,SIM,22,-0.3528161773949919,1.0,2025-11-21 15:30:53
IGCI,,SIM,23,0.1468676778201416,1.0,2025-11-21 15:30:53
IGCI,,SIM,24,-0.0918147463688807,1.0,2025-11-21 15:30:53
IGCI,,SIM,25,-0.0097658812946619,1.0,2025-11-21 15:30:53
IGCI,,SIM,26,0.1310298808585308,1.0,2025-11-21 15:30:53
IGCI,,SIM,27,-0.5258512037684895,1.0,2025-11-21 15:30:53
IGCI,,SIM,28,-1.2651371912631024,1.0,2025-11-21 15:30:53
IGCI,,SIM,29,-0.0878485900712924,1.0,2025-11-21 15:30:53
IGCI,,SIM,30,0.2351045474602342,1.0,2025-11-21 15:30:53
IGCI,,SIM,31,-0.2301671871417703,1.0,2025-11-21 15:30:53
IGCI,,SIM,32,-0.0216817244488947,1.0,2025-11-21 15:30:54
IGCI,,SIM,33,0.1469744427317314,1.0,2025-11-21 15:30:54
IGCI,,SIM,34,0.1076883702675939,1.0,2025-11-21 15:30:54
IGCI,,SIM,35,-0.0149367057000109,1.0,2025-11-21 15:30:54
IGCI,,SIM,36,-0.949445745732998,1.0,2025-11-21 15:30:54
IGCI,,SIM,37,0.6627079255622768,1.0,2025-11-21 15:30:54
IGCI,,SIM,38,0.3064246719670036,1.0,2025-11-21 15:30:54
IGCI,,SIM,39,0.1264761381177965,1.0,2025-11-21 15:30:54
IGCI,,SIM,40,-0.0233616982290945,1.0,2025-11-21 15:30:54
IGCI,,SIM,41,-0.4874873434401792,1.0,2025-11-21 15:30:54
IGCI,,SIM,42,-0.2252685066002024,1.0,2025-11-21 15:30:54
IGCI,,SIM,43,0.9189951179649152,1.0,2025-11-21 15:30:54
IGCI,,SIM,44,-0.0213601468876873,1.0,2025-11-21 15:30:54
IGCI,,SIM,45,0.0807858519904591,1.0,2025-11-21 15:30:54
IGCI,,SIM,46,-0.1186472266635689,1.0,2025-11-21 15:30:54
IGCI,,SIM,47,0.2747611750126566,1.0,2025-11-21 15:30:54
IGCI,,SIM,48,-0.1651199214901142,1.0,2025-11-21 15:30:54
IGCI,,SIM,49,0.4349079478832518,1.0,2025-11-21 15:30:54
IGCI,,SIM,50,0.1564085711972609,1.0,2025-11-21 15:30:54
IGCI,,SIM,51,-0.1870236899409719,1.0,2025-11-21 15:30:54
IGCI,,SIM,52,-0.2805123086944103,1.0,2025-11-21 15:30:54
IGCI,,SIM,53,0.1653650043275218,1.0,2025-11-21 15:30:54
IGCI,,SIM,54,0.2419101137219002,1.0,2025-11-21 15:30:54
IGCI,,SIM,55,-0.4005514318147334,1.0,2025-11-21 15:30:54
IGCI,,SIM,56,-0.0187956622083094,1.0,2025-11-21 15:30:54
IGCI,,SIM,57,-0.6586818139118389,1.0,2025-11-21 15:30:54
IGCI,,SIM,58,-0.572689228565987,1.0,2025-11-21 15:30:54
IGCI,,SIM,59,-0.1122994365611749,1.0,2025-11-21 15:30:54
IGCI,,SIM,60,-0.8280369516954763,1.0,2025-11-21 15:30:54
IGCI,,SIM,61,-0.1819771149965978,1.0,2025-11-21 15:30:54
IGCI,,SIM,62,0.2331584595297365,1.0,2025-11-21 15:30:54
IGCI,,SIM,63,-0.1191194234744958,1.0,2025-11-21 15:30:54
IGCI,,SIM,64,0.1696335530393957,1.0,2025-11-21 15:30:54
IGCI,,SIM,65,-0.242920207392455,1.0,2025-11-21 15:30:54
IGCI,,SIM,66,-0.1642744798020219,1.0,2025-11-21 15:30:54
IGCI,,SIM,67,0.1046176433323449,1.0,2025-11-21 15:30:54
IGCI,,SIM,68,0.060057712578633,1.0,2025-11-21 15:30:54
IGCI,,SIM,69,0.2179406580489119,1.0,2025-11-21 15:30:54
IGCI,,SIM,70,-0.1409467824383243,1.0,2025-11-21 15:30:54
IGCI,,SIM,71,0.0959268892438407,1.0,2025-11-21 15:30:54
IGCI,,SIM,72,0.3599660001398882,1.0,2025-11-21 15:30:54
IGCI,,SIM,73,-0.3938191087928029,1.0,2025-11-21 15:30:54
IGCI,,SIM,74,-0.0144384542888378,1.0,2025-11-21 15:30:54
IGCI,,SIM,75,-0.24108555151897,1.0,2025-11-21 15:30:54
IGCI,,SIM,76,-0.0167503086729325,1.0,2025-11-21 15:30:54
IGCI,,SIM,77,-0.0805172045802553,1.0,2025-11-21 15:30:54
IGCI,,SIM,78,-0.5839174480936561,1.0,2025-11-21 15:30:54
IGCI,,SIM,79,-0.261992512856823,1.0,2025-11-21 15:30:54
IGCI,,SIM,80,-0.291449895857653,1.0,2025-11-21 15:30:54
IGCI,,SIM,81,0.5395310105030725,1.0,2025-11-21 15:30:54
IGCI,,SIM,82,-0.0310867301160158,1.0,2025-11-21 15:30:54
IGCI,,SIM,83,0.4846673837713952,1.0,2025-11-21 15:30:54
IGCI,,SIM,84,-0.0638194032579733,1.0,2025-11-21 15:30:54
IGCI,,SIM,85,-0.1094114332983302,1.0,2025-11-21 15:30:54
IGCI,,SIM,86,-0.0764633579964302,1.0,2025-11-21 15:30:54
IGCI,,SIM,87,-0.6880285962780573,1.0,2025-11-21 15:30:54
IGCI,,SIM,88,-0.0270571217565702,1.0,2025-11-21 15:30:54
IGCI,,SIM,89,-0.0586196404303898,1.0,2025-11-21 15:30:54
IGCI,,SIM,90,0.2771089936926048,1.0,2025-11-21 15:30:54
IGCI,,SIM,91,-0.2356113456157889,1.0,2025-11-21 15:30:54
IGCI,,SIM,92,0.0426305731711682,1.0,2025-11-21 15:30:54
IGCI,,SIM,93,-0.097742962068648,1.0,2025-11-21 15:30:54
IGCI,,SIM,94,-0.5737837675806522,1.0,2025-11-21 15:30:54
IGCI,,SIM,95,0.5406068906100927,1.0,2025-11-21 15:30:54
IGCI,,SIM,96,-0.5843935957881109,1.0,2025-11-21 15:30:54
IGCI,,SIM,97,-0.3709490580315703,1.0,2025-11-21 15:30:54
IGCI,,SIM,98,-0.5876837342557204,1.0,2025-11-21 15:30:54
IGCI,,SIM,99,0.1334462434287191,1.0,2025-11-21 15:30:54
IGCI,,SIM,100,0.0950724050817442,1.0,2025-11-21 15:30:54
IGCI,,SIM-c,1,0.2936990973603013,1.0,2025-11-21 15:30:54
IGCI,,SIM-c,2,0.1761138229744903,1.0,2025-11-21 15:30:54
IGCI,,SIM-c,3,0.4510205144165997,1.0,2025-11-21 15:30:54
IGCI,,SIM-c,4,-0.1891574793921489,1.0,2025-11-21 15:30:54
IGCI,,SIM-c,5,0.2240073305319869,1.0,2025-11-21 15:30:54
IGCI,,SIM-c,6,0.0808922564211025,1.0,2025-11-21 15:30:54
IGCI,,SIM-c,7,0.2628853307269398,1.0,2025-11-21 15:30:54
IGCI,,SIM-c,8,-0.5413803810124467,1.0,2025-11-21 15:30:54
IGCI,,SIM-c,9,-0.2590693858012489,1.0,2025-11-21 15:30:54
IGCI,,SIM-c,10,-0.0114176827663259,1.0,2025-11-21 15:30:54
IGCI,,SIM-c,11,0.5591149832944692,1.0,2025-11-21 15:30:54
IGCI,,SIM-c,12,0.0761293660679518,1.0,2025-11-21 15:30:54
IGCI,,SIM-c,13,-0.6406094119957492,1.0,2025-11-21 15:30:54
IGCI,,SIM-c,14,0.1733928073483817,1.0,2025-11-21 15:30:54
IGCI,,SIM-c,15,-0.1047472912059523,1.0,2025-11-21 15:30:54
IGCI,,SIM-c,16,-0.0939053125021995,1.0,2025-11-21 15:30:54
IGCI,,SIM-c,17,-0.182159563090611,1.0,2025-11-21 15:30:54
IGCI,,SIM-c,18,-0.046284242914325,1.0,2025-11-21 15:30:54
IGCI,,SIM-c,19,-0.7428444138992907,1.0,2025-11-21 15:30:54
IGCI,,SIM-c,20,-0.6962562283634331,1.0,2025-11-21 15:30:54
IGCI,,SIM-c,21,-0.6697951169627051,1.0,2025-11-21 15:30:54
IGCI,,SIM-c,22,-0.0181782636869263,1.0,2025-11-21 15:30:54
IGCI,,SIM-c,23,-0.522863138996736,1.0,2025-11-21 15:30:54
IGCI,,SIM-c,24,0.02946646310588,1.0,2025-11-21 15:30:54
IGCI,,SIM-c,25,-0.0002646486098125,1.0,2025-11-21 15:30:54
IGCI,,SIM-c,26,-0.0171867306431696,1.0,2025-11-21 15:30:54
IGCI,,SIM-c,27,-0.2079544635723076,1.0,2025-11-21 15:30:54
IGCI,,SIM-c,28,-0.1352532739839844,1.0,2025-11-21 15:30:54
IGCI,,SIM-c,29,0.3160316809055103,1.0,2025-11-21 15:30:54
IGCI,,SIM-c,30,-0.0566762702187304,1.0,2025-11-21 15:30:54
IGCI,,SIM-c,31,0.2256336531818572,1.0,2025-11-21 15:30:54
IGCI,,SIM-c,32,0.0519379848937102,1.0,2025-11-21 15:30:54
IGCI,,SIM-c,33,0.4200324114718246,1.0,2025-11-21 15:30:54
IGCI,,SIM-c,34,-0.5641892537304187,1.0,2025-11-21 15:30:54
IGCI,,SIM-c,35,0.2146017074152215,1.0,2025-11-21 15:30:54
IGCI,,SIM-c,36,-0.1506818731112416,1.0,2025-11-21 15:30:54
IGCI,,SIM-c,37,0.0930794556028242,1.0,2025-11-21 15:30:54
IGCI,,SIM-c,38,-0.0204121663510044,1.0,2025-11-21 15:30:54
IGCI,,SIM-c,39,0.2143702942829612,1.0,2025-11-21 15:30:54
IGCI,,SIM-c,40,-0.109431157884714,1.0,2025-11-21 15:30:54
IGCI,,SIM-c,41,-0.8377886200618195,1.0,2025-11-21 15:30:54
IGCI,,SIM-c,42,-0.133354694888359,1.0,2025-11-21 15:30:54
IGCI,,SIM-c,43,-0.0110990517407909,1.0,2025-11-21 15:30:54
IGCI,,SIM-c,44,0.1092912487142339,1.0,2025-11-21 15:30:54
IGCI,,SIM-c,45,0.2652034796070985,1.0,2025-11-21 15:30:54
IGCI,,SIM-c,46,-0.5647063151468421,1.0,2025-11-21 15:30:54
IGCI,,SIM-c,47,-0.6918782665761541,1.0,2025-11-21 15:30:54
IGCI,,SIM-c,48,0.4708277105259579,1.0,2025-11-21 15:30:54
IGCI,,SIM-c,49,-0.294782085939322,1.0,2025-11-21 15:30:54
IGCI,,SIM-c,50,0.004416779434079,1.0,2025-11-21 15:30:54
IGCI,,SIM-c,51,-0.4128949775749772,1.0,2025-11-21 15:30:54
IGCI,,SIM-c,52,-0.291303666826705,1.0,2025-11-21 15:30:54
IGCI,,SIM-c,53,0.4716001224872537,1.0,2025-11-21 15:30:54
IGCI,,SIM-c,54,-0.786226095391375,1.0,2025-11-21 15:30:54
IGCI,,SIM-c,55,0.0244533604786596,1.0,2025-11-21 15:30:54
IGCI,,SIM-c,56,0.5087413062429125,1.0,2025-11-21 15:30:54
IGCI,,SIM-c,57,-0.4482009000496365,1.0,2025-11-21 15:30:54
IGCI,,SIM-c,58,0.1158481109489084,1.0,2025-11-21 15:30:54
IGCI,,SIM-c,59,0.2054065823174564,1.0,2025-11-21 15:30:54
IGCI,,SIM-c,60,-0.2348940754139201,1.0,2025-11-21 15:30:54
IGCI,,SIM-c,61,-0.4278556110278266,1.0,2025-11-21 15:30:54
IGCI,,SIM-c,62,-0.3529300127703757,1.0,2025-11-21 15:30:54
IGCI,,SIM-c,63,0.1438081052143696,1.0,2025-11-21 15:30:54
IGCI,,SIM-c,64,0.024236032051677,1.0,2025-11-21 15:30:54
IGCI,,SIM-c,65,0.4908274044223937,1.0,2025-11-21 15:30:54
IGCI,,SIM-c,66,0.3510708165352705,1.0,2025-11-21 15:30:54
IGCI,,SIM-c,67,0.0870656796067521,1.0,2025-11-21 15:30:54
IGCI,,SIM-c,68,-0.1159775407665835,1.0,2025-11-21 15:30:54
IGCI,,SIM-c,69,-0.2232996794078339,1.0,2025-11-21 15:30:54
IGCI,,SIM-c,70,-0.3359262399123421,1.0,2025-11-21 15:30:54
IGCI,,SIM-c,71,0.0147687424797506,1.0,2025-11-21 15:30:54
IGCI,,SIM-c,72,0.1664119376511736,1.0,2025-11-21 15:30:54
IGCI,,SIM-c,73,0.0084555821262073,1.0,2025-11-21 15:30:54
IGCI,,SIM-c,74,-0.0896109747253124,1.0,2025-11-21 15:30:54
IGCI,,SIM-c,75,-0.3704865295643619,1.0,2025-11-21 15:30:54
IGCI,,SIM-c,76,0.0356636014981184,1.0,2025-11-21 15:30:54
IGCI,,SIM-c,77,-0.1104158144289986,1.0,2025-11-21 15:30:54
IGCI,,SIM-c,78,-0.2323471580480349,1.0,2025-11-21 15:30:54
IGCI,,SIM-c,79,0.6712648177143096,1.0,2025-11-21 15:30:54
IGCI,,SIM-c,80,-0.405464972229054,1.0,2025-11-21 15:30:54
IGCI,,SIM-c,81,-0.1317053400566274,1.0,2025-11-21 15:30:54
IGCI,,SIM-c,82,-0.0631894821367744,1.0,2025-11-21 15:30:54
IGCI,,SIM-c,83,0.3653099017530907,1.0,2025-11-21 15:30:54
IGCI,,SIM-c,84,0.4094572958681209,1.0,2025-11-21 15:30:54
IGCI,,SIM-c,85,0.3616603969669567,1.0,2025-11-21 15:30:54
IGCI,,SIM-c,86,0.0003355750756401,1.0,2025-11-21 15:30:54
IGCI,,SIM-c,87,-0.1636946042762659,1.0,2025-11-21 15:30:54
IGCI,,SIM-c,88,0.5454368271395005,1.0,2025-11-21 15:30:54
IGCI,,SIM-c,89,-0.0180581982856011,1.0,2025-11-21 15:30:54
IGCI,,SIM-c,90,0.174858599472124,1.0,2025-11-21 15:30:54
IGCI,,SIM-c,91,-0.0238369554757307,1.0,2025-11-21 15:30:54
IGCI,,SIM-c,92,0.033419296643756,1.0,2025-11-21 15:30:54
IGCI,,SIM-c,93,-0.6311446363809098,1.0,2025-11-21 15:30:54
IGCI,,SIM-c,94,-0.0045939045644427,1.0,2025-11-21 15:30:54
IGCI,,SIM-c,95,-0.1934013087103245,1.0,2025-11-21 15:30:54
IGCI,,SIM-c,96,-0.3427631448845734,1.0,2025-11-21 15:30:55
IGCI,,SIM-c,97,-0.129680312455978,1.0,2025-11-21 15:30:55
IGCI,,SIM-c,98,0.8967875064697896,1.0,2025-11-21 15:30:55
IGCI,,SIM-c,99,0.4290553807425805,1.0,2025-11-21 15:30:55
IGCI,,SIM-c,100,-0.8163093397552973,1.0,2025-11-21 15:30:55
IGCI,,SIM-G,1,-0.1891832404177771,1.0,2025-11-21 15:30:55
IGCI,,SIM-G,2,-0.0200434170704175,1.0,2025-11-21 15:30:55
IGCI,,SIM-G,3,0.0207266666897414,1.0,2025-11-21 15:30:55
IGCI,,SIM-G,4,-0.340367462504572,1.0,2025-11-21 15:30:55
IGCI,,SIM-G,5,-0.0248124068379524,1.0,2025-11-21 15:30:55
IGCI,,SIM-G,6,-0.0151699703285608,1.0,2025-11-21 15:30:55
IGCI,,SIM-G,7,-0.2408168095022587,1.0,2025-11-21 15:30:55
IGCI,,SIM-G,8,0.4162749557230443,1.0,2025-11-21 15:30:55
IGCI,,SIM-G,9,0.0077039030064884,1.0,2025-11-21 15:30:55
IGCI,,SIM-G,10,0.1096065651609432,1.0,2025-11-21 15:30:55
IGCI,,SIM-G,11,-0.0174863630325079,1.0,2025-11-21 15:30:55
IGCI,,SIM-G,12,0.0252105318948991,1.0,2025-11-21 15:30:55
IGCI,,SIM-G,13,0.6761346219599461,1.0,2025-11-21 15:30:55
IGCI,,SIM-G,14,0.2598340232058023,1.0,2025-11-21 15:30:55
IGCI,,SIM-G,15,0.1436791460574076,1.0,2025-11-21 15:30:55
IGCI,,SIM-G,16,-0.2496535624844256,1.0,2025-11-21 15:30:55
IGCI,,SIM-G,17,-0.477058964868438,1.0,2025-11-21 15:30:55
IGCI,,SIM-G,18,0.1009103216801428,1.0,2025-11-21 15:30:55
IGCI,,SIM-G,19,0.0479681153148003,1.0,2025-11-21 15:30:55
IGCI,,SIM-G,20,-0.0292357621900265,1.0,2025-11-21 15:30:55
IGCI,,SIM-G,21,0.1832253950204396,1.0,2025-11-21 15:30:55
IGCI,,SIM-G,22,0.749623729083389,1.0,2025-11-21 15:30:55
IGCI,,SIM-G,23,0.2210296684552348,1.0,2025-11-21 15:30:55
IGCI,,SIM-G,24,-0.0839953430552435,1.0,2025-11-21 15:30:55
IGCI,,SIM-G,25,0.0775145328853064,1.0,2025-11-21 15:30:55
IGCI,,SIM-G,26,-0.013513614084279,1.0,2025-11-21 15:30:55
IGCI,,SIM-G,27,-0.2780189361892038,1.0,2025-11-21 15:30:55
IGCI,,SIM-G,28,-0.0666655940355038,1.0,2025-11-21 15:30:55
IGCI,,SIM-G,29,-0.04363393011901,1.0,2025-11-21 15:30:55
IGCI,,SIM-G,30,0.1008804896309936,1.0,2025-11-21 15:30:55
IGCI,,SIM-G,31,0.2172057103872271,1.0,2025-11-21 15:30:55
IGCI,,SIM-G,32,-0.17226902807253,1.0,2025-11-21 15:30:55
IGCI,,SIM-G,33,-0.1425379498321568,1.0,2025-11-21 15:30:55
IGCI,,SIM-G,34,0.0654885985412621,1.0,2025-11-21 15:30:55
IGCI,,SIM-G,35,-0.0979461543959594,1.0,2025-11-21 15:30:55
IGCI,,SIM-G,36,0.1813211954397244,1.0,2025-11-21 15:30:55
IGCI,,SIM-G,37,0.2855051769463399,1.0,2025-11-21 15:30:55
IGCI,,SIM-G,38,0.3707877354591664,1.0,2025-11-21 15:30:55
IGCI,,SIM-G,39,-0.0369145019830527,1.0,2025-11-21 15:30:55
IGCI,,SIM-G,40,-0.0690155349088383,1.0,2025-11-21 15:30:55
IGCI,,SIM-G,41,-0.0376207631861618,1.0,2025-11-21 15:30:55
IGCI,,SIM-G,42,-0.0865264650525778,1.0,2025-11-21 15:30:55
IGCI,,SIM-G,43,0.762804730766737,1.0,2025-11-21 15:30:55
IGCI,,SIM-G,44,-0.1711710916451156,1.0,2025-11-21 15:30:55
IGCI,,SIM-G,45,-0.2515176975729583,1.0,2025-11-21 15:30:55
IGCI,,SIM-G,46,0.2238555215592352,1.0,2025-11-21 15:30:55
IGCI,,SIM-G,47,0.0411831119418142,1.0,2025-11-21 15:30:55
IGCI,,SIM-G,48,-0.068357107484922,1.0,2025-11-21 15:30:55
IGCI,,SIM-G,49,0.0725842419126889,1.0,2025-11-21 15:30:55
IGCI,,SIM-G,50,0.444787915921272,1.0,2025-11-21 15:30:55
IGCI,,SIM-G,51,0.3831015430927104,1.0,2025-11-21 15:30:55
IGCI,,SIM-G,52,0.0417672116867153,1.0,2025-11-21 15:30:55
IGCI,,SIM-G,53,0.2366859584841947,1.0,2025-11-21 15:30:55
IGCI,,SIM-G,54,0.0716585227521289,1.0,2025-11-21 15:30:55
IGCI,,SIM-G,55,0.4584472331820253,1.0,2025-11-21 15:30:55
IGCI,,SIM-G,56,0.144675225070852,1.0,2025-11-21 15:30:55
IGCI,,SIM-G,57,0.0941046108939538,1.0,2025-11-21 15:30:55
IGCI,,SIM-G,58,-0.3902522793425698,1.0,2025-11-21 15:30:55
IGCI,,SIM-G,59,0.0600259478781648,1.0,2025-11-21 15:30:55
IGCI,,SIM-G,60,-0.2453241124262932,1.0,2025-11-21 15:30:55
IGCI,,SIM-G,61,0.0949541714280597,1.0,2025-11-21 15:30:55
IGCI,,SIM-G,62,0.1963177820130788,1.0,2025-11-21 15:30:55
IGCI,,SIM-G,63,-0.1957875999064517,1.0,2025-11-21 15:30:55
IGCI,,SIM-G,64,-0.0514839678887693,1.0,2025-11-21 15:30:55
IGCI,,SIM-G,65,-0.3344463822300429,1.0,2025-11-21 15:30:55
IGCI,,SIM-G,66,-0.1625279770791472,1.0,2025-11-21 15:30:55
IGCI,,SIM-G,67,0.6344666512782898,1.0,2025-11-21 15:30:55
IGCI,,SIM-G,68,-0.1452888634570914,1.0,2025-11-21 15:30:55
IGCI,,SIM-G,69,0.3522370421778049,1.0,2025-11-21 15:30:55
IGCI,,SIM-G,70,0.0381763629922877,1.0,2025-11-21 15:30:55
IGCI,,SIM-G,71,0.0969787602215115,1.0,2025-11-21 15:30:55
IGCI,,SIM-G,72,-0.0364622267677408,1.0,2025-11-21 15:30:55
IGCI,,SIM-G,73,-0.2163590998478515,1.0,2025-11-21 15:30:55
IGCI,,SIM-G,74,-0.0209631998663351,1.0,2025-11-21 15:30:55
IGCI,,SIM-G,75,-0.2795988444258404,1.0,2025-11-21 15:30:55
IGCI,,SIM-G,76,0.4421977532660532,1.0,2025-11-21 15:30:55
IGCI,,SIM-G,77,0.1334858648631955,1.0,2025-11-21 15:30:55
IGCI,,SIM-G,78,0.0386763352206767,1.0,2025-11-21 15:30:55
IGCI,,SIM-G,79,0.2773205149602677,1.0,2025-11-21 15:30:55
IGCI,,SIM-G,80,0.331745457965976,1.0,2025-11-21 15:30:55
IGCI,,SIM-G,81,0.5756889531589248,1.0,2025-11-21 15:30:55
IGCI,,SIM-G,82,0.1276591114462721,1.0,2025-11-21 15:30:55
IGCI,,SIM-G,83,0.0788967261935802,1.0,2025-11-21 15:30:55
IGCI,,SIM-G,84,-0.3714062055018008,1.0,2025-11-21 15:30:55
IGCI,,SIM-G,85,-0.2334747836153665,1.0,2025-11-21 15:30:55
IGCI,,SIM-G,86,-0.3525738349059857,1.0,2025-11-21 15:30:55
IGCI,,SIM-G,87,-0.3059163062595038,1.0,2025-11-21 15:30:55
IGCI,,SIM-G,88,-0.0648372610679679,1.0,2025-11-21 15:30:55
IGCI,,SIM-G,89,0.3677292210953986,1.0,2025-11-21 15:30:55
IGCI,,SIM-G,90,0.1000658218753915,1.0,2025-11-21 15:30:55
IGCI,,SIM-G,91,-0.0479900751999915,1.0,2025-11-21 15:30:55
IGCI,,SIM-G,92,0.0303146433376113,1.0,2025-11-21 15:30:55
IGCI,,SIM-G,93,-0.0313782817746917,1.0,2025-11-21 15:30:55
IGCI,,SIM-G,94,-0.0500409925680722,1.0,2025-11-21 15:30:55
IGCI,,SIM-G,95,0.1459490590851677,1.0,2025-11-21 15:30:55
IGCI,,SIM-G,96,0.1182077783340949,1.0,2025-11-21 15:30:55
IGCI,,SIM-G,97,0.0074733567018094,1.0,2025-11-21 15:30:55
IGCI,,SIM-G,98,-0.0584657460811515,1.0,2025-11-21 15:30:55
IGCI,,SIM-G,99,-0.1037423520077496,1.0,2025-11-21 15:30:55
IGCI,,SIM-G,100,-0.128492623242594,1.0,2025-11-21 15:30:55
IGCI,,SIM-ln,1,-1.1616355551665585,1.0,2025-11-21 15:30:55
IGCI,,SIM-ln,2,0.0030726424985134,1.0,2025-11-21 15:30:55
IGCI,,SIM-ln,3,-0.7657403570710226,1.0,2025-11-21 15:30:55
IGCI,,SIM-ln,4,-0.6675355534108666,1.0,2025-11-21 15:30:55
IGCI,,SIM-ln,5,0.0404866655845008,1.0,2025-11-21 15:30:55
IGCI,,SIM-ln,6,0.496962391333172,1.0,2025-11-21 15:30:55
IGCI,,SIM-ln,7,-0.1287027127871232,1.0,2025-11-21 15:30:55
IGCI,,SIM-ln,8,-0.6675928909417959,1.0,2025-11-21 15:30:55
IGCI,,SIM-ln,9,0.128014702843096,1.0,2025-11-21 15:30:55
IGCI,,SIM-ln,10,-0.3483960911821562,1.0,2025-11-21 15:30:55
IGCI,,SIM-ln,11,-0.0637305406090034,1.0,2025-11-21 15:30:55
IGCI,,SIM-ln,12,-0.0883611481624662,1.0,2025-11-21 15:30:55
IGCI,,SIM-ln,13,2.6611787650408463,1.0,2025-11-21 15:30:55
IGCI,,SIM-ln,14,0.2952011592836197,1.0,2025-11-21 15:30:55
IGCI,,SIM-ln,15,0.1870503920109225,1.0,2025-11-21 15:30:55
IGCI,,SIM-ln,16,-0.0516567957658118,1.0,2025-11-21 15:30:55
IGCI,,SIM-ln,17,-0.8655340855067487,1.0,2025-11-21 15:30:55
IGCI,,SIM-ln,18,-0.7102024122866127,1.0,2025-11-21 15:30:55
IGCI,,SIM-ln,19,-0.582503849416601,1.0,2025-11-21 15:30:55
IGCI,,SIM-ln,20,-0.5759222436799566,1.0,2025-11-21 15:30:55
IGCI,,SIM-ln,21,0.8731457246602226,1.0,2025-11-21 15:30:55
IGCI,,SIM-ln,22,-0.4096303845760349,1.0,2025-11-21 15:30:55
IGCI,,SIM-ln,23,-0.0620646115837946,1.0,2025-11-21 15:30:55
IGCI,,SIM-ln,24,0.0389977016185376,1.0,2025-11-21 15:30:55
IGCI,,SIM-ln,25,0.0241485391108504,1.0,2025-11-21 15:30:55
IGCI,,SIM-ln,26,0.3174755792848707,1.0,2025-11-21 15:30:55
IGCI,,SIM-ln,27,-0.6305668829020706,1.0,2025-11-21 15:30:55
IGCI,,SIM-ln,28,-1.34050244638418,1.0,2025-11-21 15:30:55
IGCI,,SIM-ln,29,-0.0588456148895772,1.0,2025-11-21 15:30:55
IGCI,,SIM-ln,30,0.6557141782778891,1.0,2025-11-21 15:30:55
IGCI,,SIM-ln,31,-0.2996611429079721,1.0,2025-11-21 15:30:55
IGCI,,SIM-ln,32,0.1328323395663435,1.0,2025-11-21 15:30:55
IGCI,,SIM-ln,33,0.2198378530185545,1.0,2025-11-21 15:30:55
IGCI,,SIM-ln,34,0.1313894180925103,1.0,2025-11-21 15:30:55
IGCI,,SIM-ln,35,0.0186952250990373,1.0,2025-11-21 15:30:55
IGCI,,SIM-ln,36,0.0626991379058559,1.0,2025-11-21 15:30:55
IGCI,,SIM-ln,37,1.290579974996339,1.0,2025-11-21 15:30:55
IGCI,,SIM-ln,38,0.2567460743535728,1.0,2025-11-21 15:30:55
IGCI,,SIM-ln,39,0.0229517862930705,1.0,2025-11-21 15:30:55
IGCI,,SIM-ln,40,0.0217252781044736,1.0,2025-11-21 15:30:55
IGCI,,SIM-ln,41,-0.2144076366333536,1.0,2025-11-21 15:30:55
IGCI,,SIM-ln,42,-0.1876317242275896,1.0,2025-11-21 15:30:55
IGCI,,SIM-ln,43,0.220476917401765,1.0,2025-11-21 15:30:55
IGCI,,SIM-ln,44,0.5450391003928702,1.0,2025-11-21 15:30:55
IGCI,,SIM-ln,45,0.1748415726352306,1.0,2025-11-21 15:30:55
IGCI,,SIM-ln,46,0.1760946002675912,1.0,2025-11-21 15:30:55
IGCI,,SIM-ln,47,0.2536739306871611,1.0,2025-11-21 15:30:55
IGCI,,SIM-ln,48,-0.5440401528904522,1.0,2025-11-21 15:30:55
IGCI,,SIM-ln,49,-0.0101799349276809,1.0,2025-11-21 15:30:56
IGCI,,SIM-ln,50,0.4251645119679175,1.0,2025-11-21 15:30:56
IGCI,,SIM-ln,51,0.1260363256202694,1.0,2025-11-21 15:30:56
IGCI,,SIM-ln,52,-0.1225816669204657,1.0,2025-11-21 15:30:56
IGCI,,SIM-ln,53,0.463281747722104,1.0,2025-11-21 15:30:56
IGCI,,SIM-ln,54,0.3140891475180281,1.0,2025-11-21 15:30:56
IGCI,,SIM-ln,55,1.105470822441104,1.0,2025-11-21 15:30:56
IGCI,,SIM-ln,56,0.2281998214748615,1.0,2025-11-21 15:30:56
IGCI,,SIM-ln,57,-0.8503499012472685,1.0,2025-11-21 15:30:56
IGCI,,SIM-ln,58,-0.238252546656927,1.0,2025-11-21 15:30:56
IGCI,,SIM-ln,59,-0.0358311924263308,1.0,2025-11-21 15:30:56
IGCI,,SIM-ln,60,-0.0978794003050467,1.0,2025-11-21 15:30:56
IGCI,,SIM-ln,61,0.1595595582543509,1.0,2025-11-21 15:30:56
IGCI,,SIM-ln,62,0.6203870879416904,1.0,2025-11-21 15:30:56
IGCI,,SIM-ln,63,1.1500990095053991,1.0,2025-11-21 15:30:56
IGCI,,SIM-ln,64,-0.0541250629596756,1.0,2025-11-21 15:30:56
IGCI,,SIM-ln,65,-0.7731930718710808,1.0,2025-11-21 15:30:56
IGCI,,SIM-ln,66,0.0845091419253094,1.0,2025-11-21 15:30:56
IGCI,,SIM-ln,67,0.6808062322821701,1.0,2025-11-21 15:30:56
IGCI,,SIM-ln,68,-0.129369726980931,1.0,2025-11-21 15:30:56
IGCI,,SIM-ln,69,0.528789386658767,1.0,2025-11-21 15:30:56
IGCI,,SIM-ln,70,-0.0426192956997795,1.0,2025-11-21 15:30:56
IGCI,,SIM-ln,71,0.5290556630447583,1.0,2025-11-21 15:30:56
IGCI,,SIM-ln,72,-0.248358466310636,1.0,2025-11-21 15:30:56
IGCI,,SIM-ln,73,-0.4373559772703856,1.0,2025-11-21 15:30:56
IGCI,,SIM-ln,74,-0.4071477082169502,1.0,2025-11-21 15:30:56
IGCI,,SIM-ln,75,-0.1774631732533524,1.0,2025-11-21 15:30:56
IGCI,,SIM-ln,76,0.0939739490843525,1.0,2025-11-21 15:30:56
IGCI,,SIM-ln,77,-0.0125282775769575,1.0,2025-11-21 15:30:56
IGCI,,SIM-ln,78,-0.3915466059963979,1.0,2025-11-21 15:30:56
IGCI,,SIM-ln,79,0.5757176840735331,1.0,2025-11-21 15:30:56
IGCI,,SIM-ln,80,-0.38901512309085,1.0,2025-11-21 15:30:56
IGCI,,SIM-ln,81,-0.115802224946548,1.0,2025-11-21 15:30:56
IGCI,,SIM-ln,82,0.5171310698128676,1.0,2025-11-21 15:30:56
IGCI,,SIM-ln,83,0.473451143455094,1.0,2025-11-21 15:30:56
IGCI,,SIM-ln,84,-0.1300576420098682,1.0,2025-11-21 15:30:56
IGCI,,SIM-ln,85,0.0191965594415801,1.0,2025-11-21 15:30:56
IGCI,,SIM-ln,86,0.1426023843446273,1.0,2025-11-21 15:30:56
IGCI,,SIM-ln,87,-0.2048953987169266,1.0,2025-11-21 15:30:56
IGCI,,SIM-ln,88,0.0628645462522428,1.0,2025-11-21 15:30:56
IGCI,,SIM-ln,89,-0.1848294395613727,1.0,2025-11-21 15:30:56
IGCI,,SIM-ln,90,0.0182761014063501,1.0,2025-11-21 15:30:56
IGCI,,SIM-ln,91,-0.1712216402341919,1.0,2025-11-21 15:30:56
IGCI,,SIM-ln,92,-0.019132070203871,1.0,2025-11-21 15:30:56
IGCI,,SIM-ln,93,-0.0116104602266959,1.0,2025-11-21 15:30:56
IGCI,,SIM-ln,94,0.0064422003559201,1.0,2025-11-21 15:30:56
IGCI,,SIM-ln,95,0.130631888520428,1.0,2025-11-21 15:30:56
IGCI,,SIM-ln,96,0.7443194271364444,1.0,2025-11-21 15:30:56
IGCI,,SIM-ln,97,-0.0252730869946837,1.0,2025-11-21 15:30:56
IGCI,,SIM-ln,98,-0.8632702440039949,1.0,2025-11-21 15:30:56
IGCI,,SIM-ln,99,0.2958702940042208,1.0,2025-11-21 15:30:56
IGCI,,SIM-ln,100,-0.0784668912390174,1.0,2025-11-21 15:30:56
